"","LandCover_NonVeg_v1_50","LandCover_Veg_v1_50","LandCover_VegNonTreed_v1_50","LandCover_VegTreed_v1_50","Species_Abie_Bal_v1_50","Species_Abie_Las_v1_50","Species_Acer_Neg_v1_50","Species_Alnu_Spp_v1_50","Species_Betu_Pap_v1_50","Species_Frax_Pen_v1_50","Species_Lari_Lar_v1_50","Species_Lari_Lya_v1_50","Species_Pice_Eng_v1_50","Species_Pice_Gla_v1_50","Species_Pice_Mar_v1_50","Species_Pinu_Alb_v1_50","Species_Pinu_Ban_v1_50","Species_Pinu_Con_v1_50","Species_Pinu_Pon_v1_50","Species_Pinu_Syl_v1_50","Species_Popu_Bal_v1_50","Species_Popu_Tre_v1_50","Species_Popu_Tri_v1_50","Species_Prun_Pen_v1_50","Species_Pseu_Men_v1_50","Species_Sali_Spp_v1_50","SpeciesGroups_Broadleaf_Spp_v1_50","SpeciesGroups_Needleleaf_Spp_v1_50","SpeciesGroups_Unknown_Spp_v1_50","Structure_Biomass_Branch_v1_50","Structure_Biomass_Foliage_v1_50","Structure_Biomass_StemBark_v1_50","Structure_Biomass_StemWood_v1_50","Structure_Biomass_TotalDead_v1_50","Structure_Biomass_TotalLiveAboveGround_v1_50","Structure_Stand_Age_v1_50","Structure_Stand_CrownClosure_v1_50","Structure_Stand_Height_v1_50","Structure_Volume_Merch_v1_50","Structure_Volume_Total_v1_50","LandCover_NonVeg_v1_150","LandCover_Veg_v1_150","LandCover_VegNonTreed_v1_150","LandCover_VegTreed_v1_150","Species_Abie_Bal_v1_150","Species_Abie_Las_v1_150","Species_Acer_Neg_v1_150","Species_Alnu_Spp_v1_150","Species_Betu_Pap_v1_150","Species_Frax_Pen_v1_150","Species_Lari_Lar_v1_150","Species_Lari_Lya_v1_150","Species_Pice_Eng_v1_150","Species_Pice_Gla_v1_150","Species_Pice_Mar_v1_150","Species_Pinu_Alb_v1_150","Species_Pinu_Ban_v1_150","Species_Pinu_Con_v1_150","Species_Pinu_Pon_v1_150","Species_Pinu_Syl_v1_150","Species_Popu_Bal_v1_150","Species_Popu_Tre_v1_150","Species_Popu_Tri_v1_150","Species_Prun_Pen_v1_150","Species_Pseu_Men_v1_150","Species_Sali_Spp_v1_150","SpeciesGroups_Broadleaf_Spp_v1_150","SpeciesGroups_Needleleaf_Spp_v1_150","SpeciesGroups_Unknown_Spp_v1_150","Structure_Biomass_Branch_v1_150","Structure_Biomass_Foliage_v1_150","Structure_Biomass_StemBark_v1_150","Structure_Biomass_StemWood_v1_150","Structure_Biomass_TotalDead_v1_150","Structure_Biomass_TotalLiveAboveGround_v1_150","Structure_Stand_Age_v1_150","Structure_Stand_CrownClosure_v1_150","Structure_Stand_Height_v1_150","Structure_Volume_Merch_v1_150","Structure_Volume_Total_v1_150","LandCover_NonVeg_v1_500","LandCover_Veg_v1_500","LandCover_VegNonTreed_v1_500","LandCover_VegTreed_v1_500","Species_Abie_Bal_v1_500","Species_Abie_Las_v1_500","Species_Acer_Neg_v1_500","Species_Alnu_Spp_v1_500","Species_Betu_Pap_v1_500","Species_Frax_Pen_v1_500","Species_Lari_Lar_v1_500","Species_Lari_Lya_v1_500","Species_Pice_Eng_v1_500","Species_Pice_Gla_v1_500","Species_Pice_Mar_v1_500","Species_Pinu_Alb_v1_500","Species_Pinu_Ban_v1_500","Species_Pinu_Con_v1_500","Species_Pinu_Pon_v1_500","Species_Pinu_Syl_v1_500","Species_Popu_Bal_v1_500","Species_Popu_Tre_v1_500","Species_Popu_Tri_v1_500","Species_Prun_Pen_v1_500","Species_Pseu_Men_v1_500","Species_Sali_Spp_v1_500","SpeciesGroups_Broadleaf_Spp_v1_500","SpeciesGroups_Needleleaf_Spp_v1_500","SpeciesGroups_Unknown_Spp_v1_500","Structure_Biomass_Branch_v1_500","Structure_Biomass_Foliage_v1_500","Structure_Biomass_StemBark_v1_500","Structure_Biomass_StemWood_v1_500","Structure_Biomass_TotalDead_v1_500","Structure_Biomass_TotalLiveAboveGround_v1_500","Structure_Stand_Age_v1_500","Structure_Stand_CrownClosure_v1_500","Structure_Stand_Height_v1_500","Structure_Volume_Merch_v1_500","Structure_Volume_Total_v1_500"
"LandCover_NonVeg_v1_50",1,-1,0.12,-0.89,-0.04,NA,NA,NA,0.54,NA,-0.09,NA,NA,-0.19,-0.14,NA,-0.31,0.01,NA,NA,0.23,-0.03,NA,NA,NA,0.2,0.02,-0.5,0.48,-0.41,-0.4,-0.36,-0.41,-0.29,-0.42,-0.66,-0.67,-0.47,-0.29,-0.41,1,-1,0.17,-0.89,-0.04,NA,NA,NA,0.48,NA,-0.08,NA,NA,-0.19,-0.23,NA,-0.31,0.11,NA,NA,0.23,0.01,NA,NA,NA,0.17,0.05,-0.56,0.5,-0.42,-0.4,-0.36,-0.41,-0.31,-0.42,-0.65,-0.68,-0.47,-0.3,-0.41,0.92,-0.92,0.14,-0.81,0.18,NA,NA,NA,0.58,NA,-0.14,NA,NA,-0.24,-0.34,NA,-0.34,0.43,NA,NA,0.2,-0.02,NA,NA,NA,0.25,0.03,-0.63,0.4,-0.43,-0.41,-0.42,-0.42,-0.42,-0.43,-0.75,-0.64,-0.49,-0.29,-0.42
"LandCover_Veg_v1_50",-1,1,-0.12,0.89,0.04,NA,NA,NA,-0.54,NA,0.09,NA,NA,0.19,0.14,NA,0.31,-0.01,NA,NA,-0.23,0.03,NA,NA,NA,-0.2,-0.02,0.5,-0.48,0.41,0.4,0.36,0.41,0.29,0.42,0.66,0.67,0.47,0.29,0.41,-1,1,-0.17,0.89,0.04,NA,NA,NA,-0.48,NA,0.08,NA,NA,0.19,0.23,NA,0.31,-0.11,NA,NA,-0.23,-0.01,NA,NA,NA,-0.17,-0.05,0.56,-0.5,0.42,0.4,0.36,0.41,0.31,0.42,0.65,0.68,0.47,0.3,0.41,-0.92,0.92,-0.14,0.81,-0.18,NA,NA,NA,-0.58,NA,0.14,NA,NA,0.24,0.34,NA,0.34,-0.43,NA,NA,-0.2,0.02,NA,NA,NA,-0.25,-0.03,0.63,-0.4,0.43,0.41,0.42,0.42,0.42,0.43,0.75,0.64,0.49,0.29,0.42
"LandCover_VegNonTreed_v1_50",0.12,-0.12,1,-0.55,-0.08,NA,NA,NA,0.06,NA,0.18,NA,NA,-0.31,-0.06,NA,0.04,0.03,NA,NA,-0.06,0.07,NA,NA,NA,0.12,0.06,-0.1,0.63,-0.33,-0.29,-0.27,-0.33,0.2,-0.33,-0.26,-0.63,-0.16,-0.35,-0.4,0.13,-0.13,0.94,-0.54,-0.08,NA,NA,NA,0.09,NA,0.15,NA,NA,-0.35,-0.07,NA,0.05,0.03,NA,NA,-0.06,0.09,NA,NA,NA,0.22,0.08,-0.11,0.55,-0.35,-0.3,-0.28,-0.34,0.2,-0.34,-0.26,-0.62,-0.15,-0.37,-0.41,0.18,-0.18,0.78,-0.49,-0.16,NA,NA,NA,0.05,NA,0.19,NA,NA,-0.37,-0.08,NA,0.06,0.21,NA,NA,-0.14,0.05,NA,NA,NA,0.32,0.04,-0.11,0.73,-0.46,-0.4,-0.43,-0.45,0.1,-0.45,-0.27,-0.57,-0.23,-0.45,-0.48
"LandCover_VegTreed_v1_50",-0.89,0.89,-0.55,1,0.06,NA,NA,NA,-0.48,NA,-0.01,NA,NA,0.3,0.14,NA,0.24,-0.02,NA,NA,-0.17,-0.01,NA,NA,NA,-0.22,-0.04,0.47,-0.69,0.49,0.47,0.43,0.49,0.15,0.5,0.67,0.85,0.47,0.4,0.53,-0.89,0.89,-0.57,0.99,0.06,NA,NA,NA,-0.44,NA,0,NA,NA,0.31,0.22,NA,0.24,-0.1,NA,NA,-0.16,-0.05,NA,NA,NA,-0.24,-0.08,0.52,-0.67,0.51,0.47,0.43,0.5,0.17,0.5,0.67,0.85,0.46,0.42,0.53,-0.85,0.85,-0.47,0.9,-0.08,NA,NA,NA,-0.5,NA,0.03,NA,NA,0.37,0.32,NA,0.26,-0.45,NA,NA,-0.1,-0.01,NA,NA,NA,-0.35,-0.04,0.58,-0.66,0.56,0.53,0.55,0.56,0.31,0.56,0.75,0.79,0.52,0.45,0.56
"Species_Abie_Bal_v1_50",-0.04,0.04,-0.08,0.06,1,NA,NA,NA,-0.03,NA,-0.08,NA,NA,0.01,0.12,NA,-0.06,0,NA,NA,-0.01,-0.05,NA,NA,NA,-0.02,-0.06,0.06,-0.03,0.05,0.04,0.03,0.05,0.12,0.05,0.04,0.04,-0.03,0.09,0.03,-0.04,0.04,-0.06,0.06,1,NA,NA,NA,-0.03,NA,-0.08,NA,NA,0,0.14,NA,-0.09,-0.01,NA,NA,0.01,-0.06,NA,NA,NA,-0.02,-0.06,0.06,-0.02,0.02,0.01,-0.01,0.01,0.11,0.01,0.03,0.06,-0.08,0.06,0,-0.05,0.05,-0.07,0.07,0.53,NA,NA,NA,-0.02,NA,-0.07,NA,NA,0.13,0.11,NA,-0.15,-0.04,NA,NA,0.12,-0.01,NA,NA,NA,-0.04,-0.01,0.03,-0.04,0.05,0.02,0.03,0.02,0.08,0.03,0.05,0.09,0,0.05,0.02
"Species_Abie_Las_v1_50",NA,NA,NA,NA,NA,1,NA,NA,NA,NA,NA,NA,NA,NA,NA,NA,NA,NA,NA,NA,NA,NA,NA,NA,NA,NA,NA,NA,NA,NA,NA,NA,NA,NA,NA,NA,NA,NA,NA,NA,NA,NA,NA,NA,NA,NA,NA,NA,NA,NA,NA,NA,NA,NA,NA,NA,NA,NA,NA,NA,NA,NA,NA,NA,NA,NA,NA,NA,NA,NA,NA,NA,NA,NA,NA,NA,NA,NA,NA,NA,NA,NA,NA,NA,NA,NA,NA,NA,NA,NA,NA,NA,NA,NA,NA,NA,NA,NA,NA,NA,NA,NA,NA,NA,NA,NA,NA,NA,NA,NA,NA,NA,NA,NA,NA,NA,NA,NA,NA,NA
"Species_Acer_Neg_v1_50",NA,NA,NA,NA,NA,NA,1,NA,NA,NA,NA,NA,NA,NA,NA,NA,NA,NA,NA,NA,NA,NA,NA,NA,NA,NA,NA,NA,NA,NA,NA,NA,NA,NA,NA,NA,NA,NA,NA,NA,NA,NA,NA,NA,NA,NA,NA,NA,NA,NA,NA,NA,NA,NA,NA,NA,NA,NA,NA,NA,NA,NA,NA,NA,NA,NA,NA,NA,NA,NA,NA,NA,NA,NA,NA,NA,NA,NA,NA,NA,NA,NA,NA,NA,NA,NA,NA,NA,NA,NA,NA,NA,NA,NA,NA,NA,NA,NA,NA,NA,NA,NA,NA,NA,NA,NA,NA,NA,NA,NA,NA,NA,NA,NA,NA,NA,NA,NA,NA,NA
"Species_Alnu_Spp_v1_50",NA,NA,NA,NA,NA,NA,NA,1,NA,NA,NA,NA,NA,NA,NA,NA,NA,NA,NA,NA,NA,NA,NA,NA,NA,NA,NA,NA,NA,NA,NA,NA,NA,NA,NA,NA,NA,NA,NA,NA,NA,NA,NA,NA,NA,NA,NA,NA,NA,NA,NA,NA,NA,NA,NA,NA,NA,NA,NA,NA,NA,NA,NA,NA,NA,NA,NA,NA,NA,NA,NA,NA,NA,NA,NA,NA,NA,NA,NA,NA,NA,NA,NA,NA,NA,NA,NA,NA,NA,NA,NA,NA,NA,NA,NA,NA,NA,NA,NA,NA,NA,NA,NA,NA,NA,NA,NA,NA,NA,NA,NA,NA,NA,NA,NA,NA,NA,NA,NA,NA
"Species_Betu_Pap_v1_50",0.54,-0.54,0.06,-0.48,-0.03,NA,NA,NA,1,NA,-0.08,NA,NA,0.04,-0.01,NA,-0.28,-0.03,NA,NA,0.45,0.05,NA,NA,NA,0.38,0.15,-0.26,0.51,-0.1,-0.15,-0.09,-0.14,-0.26,-0.14,-0.21,-0.33,-0.11,-0.06,-0.15,0.52,-0.52,0.1,-0.47,-0.03,NA,NA,NA,0.94,NA,-0.08,NA,NA,0,-0.06,NA,-0.26,0.06,NA,NA,0.45,0.1,NA,NA,NA,0.29,0.18,-0.29,0.51,-0.14,-0.16,-0.11,-0.17,-0.23,-0.17,-0.22,-0.33,-0.12,-0.11,-0.18,0.48,-0.48,0.01,-0.4,0.25,NA,NA,NA,0.57,NA,-0.14,NA,NA,-0.06,-0.17,NA,-0.21,0.33,NA,NA,0.17,0.09,NA,NA,NA,0.23,0.13,-0.33,0.19,-0.14,-0.15,-0.12,-0.14,-0.27,-0.14,-0.29,-0.3,-0.13,-0.08,-0.15
"Species_Frax_Pen_v1_50",NA,NA,NA,NA,NA,NA,NA,NA,NA,1,NA,NA,NA,NA,NA,NA,NA,NA,NA,NA,NA,NA,NA,NA,NA,NA,NA,NA,NA,NA,NA,NA,NA,NA,NA,NA,NA,NA,NA,NA,NA,NA,NA,NA,NA,NA,NA,NA,NA,NA,NA,NA,NA,NA,NA,NA,NA,NA,NA,NA,NA,NA,NA,NA,NA,NA,NA,NA,NA,NA,NA,NA,NA,NA,NA,NA,NA,NA,NA,NA,NA,NA,NA,NA,NA,NA,NA,NA,NA,NA,NA,NA,NA,NA,NA,NA,NA,NA,NA,NA,NA,NA,NA,NA,NA,NA,NA,NA,NA,NA,NA,NA,NA,NA,NA,NA,NA,NA,NA,NA
"Species_Lari_Lar_v1_50",-0.09,0.09,0.18,-0.01,-0.08,NA,NA,NA,-0.08,NA,1,NA,NA,-0.31,0.2,NA,-0.16,-0.17,NA,NA,-0.01,-0.21,NA,NA,NA,-0.08,-0.16,0.16,0.13,-0.34,-0.27,-0.38,-0.4,0.28,-0.39,-0.07,-0.29,-0.28,-0.38,-0.4,-0.09,0.09,0.17,-0.01,-0.08,NA,NA,NA,-0.08,NA,0.98,NA,NA,-0.31,0.23,NA,-0.17,-0.19,NA,NA,-0.01,-0.23,NA,NA,NA,-0.11,-0.18,0.18,0.1,-0.34,-0.27,-0.38,-0.4,0.28,-0.39,-0.03,-0.28,-0.28,-0.38,-0.41,-0.12,0.12,0.23,0,-0.16,NA,NA,NA,-0.16,NA,0.71,NA,NA,-0.27,0.29,NA,-0.04,-0.13,NA,NA,-0.04,-0.29,NA,NA,NA,-0.12,-0.28,0.25,0.2,-0.28,-0.22,-0.35,-0.32,0.3,-0.32,0.04,-0.2,-0.28,-0.32,-0.31
"Species_Lari_Lya_v1_50",NA,NA,NA,NA,NA,NA,NA,NA,NA,NA,NA,1,NA,NA,NA,NA,NA,NA,NA,NA,NA,NA,NA,NA,NA,NA,NA,NA,NA,NA,NA,NA,NA,NA,NA,NA,NA,NA,NA,NA,NA,NA,NA,NA,NA,NA,NA,NA,NA,NA,NA,NA,NA,NA,NA,NA,NA,NA,NA,NA,NA,NA,NA,NA,NA,NA,NA,NA,NA,NA,NA,NA,NA,NA,NA,NA,NA,NA,NA,NA,NA,NA,NA,NA,NA,NA,NA,NA,NA,NA,NA,NA,NA,NA,NA,NA,NA,NA,NA,NA,NA,NA,NA,NA,NA,NA,NA,NA,NA,NA,NA,NA,NA,NA,NA,NA,NA,NA,NA,NA
"Species_Pice_Eng_v1_50",NA,NA,NA,NA,NA,NA,NA,NA,NA,NA,NA,NA,1,NA,NA,NA,NA,NA,NA,NA,NA,NA,NA,NA,NA,NA,NA,NA,NA,NA,NA,NA,NA,NA,NA,NA,NA,NA,NA,NA,NA,NA,NA,NA,NA,NA,NA,NA,NA,NA,NA,NA,NA,NA,NA,NA,NA,NA,NA,NA,NA,NA,NA,NA,NA,NA,NA,NA,NA,NA,NA,NA,NA,NA,NA,NA,NA,NA,NA,NA,NA,NA,NA,NA,NA,NA,NA,NA,NA,NA,NA,NA,NA,NA,NA,NA,NA,NA,NA,NA,NA,NA,NA,NA,NA,NA,NA,NA,NA,NA,NA,NA,NA,NA,NA,NA,NA,NA,NA,NA
"Species_Pice_Gla_v1_50",-0.19,0.19,-0.31,0.3,0.01,NA,NA,NA,0.04,NA,-0.31,NA,NA,1,-0.37,NA,-0.07,-0.09,NA,NA,0.14,0.23,NA,NA,NA,-0.07,0.2,-0.06,-0.31,0.54,0.3,0.49,0.53,-0.18,0.52,0.27,0.49,0.51,0.65,0.58,-0.19,0.19,-0.3,0.29,0.01,NA,NA,NA,-0.01,NA,-0.28,NA,NA,0.96,-0.33,NA,-0.05,-0.11,NA,NA,0.11,0.22,NA,NA,NA,-0.08,0.19,-0.04,-0.28,0.48,0.27,0.43,0.47,-0.14,0.46,0.21,0.47,0.45,0.57,0.51,-0.21,0.21,-0.31,0.31,-0.01,NA,NA,NA,-0.03,NA,-0.25,NA,NA,0.66,-0.21,NA,-0.01,-0.13,NA,NA,0.14,0.19,NA,NA,NA,0.01,0.19,0.01,-0.35,0.37,0.25,0.39,0.38,-0.08,0.38,0.25,0.4,0.38,0.41,0.41
"Species_Pice_Mar_v1_50",-0.14,0.14,-0.06,0.14,0.12,NA,NA,NA,-0.01,NA,0.2,NA,NA,-0.37,1,NA,-0.25,-0.2,NA,NA,-0.22,-0.58,NA,NA,NA,-0.12,-0.57,0.61,0.15,-0.24,0.06,-0.47,-0.39,0.42,-0.35,0.32,-0.08,-0.52,-0.38,-0.41,-0.16,0.16,-0.02,0.14,0.12,NA,NA,NA,-0.02,NA,0.19,NA,NA,-0.36,0.97,NA,-0.23,-0.16,NA,NA,-0.23,-0.57,NA,NA,NA,-0.1,-0.56,0.59,0.16,-0.23,0.07,-0.46,-0.37,0.39,-0.34,0.34,-0.07,-0.49,-0.37,-0.39,-0.18,0.18,0.09,0.11,-0.17,NA,NA,NA,-0.16,NA,0.29,NA,NA,-0.3,0.72,NA,-0.04,-0.05,NA,NA,-0.25,-0.43,NA,NA,NA,-0.07,-0.45,0.49,0.11,-0.07,0.11,-0.24,-0.17,0.3,-0.14,0.21,-0.01,-0.25,-0.2,-0.19
"Species_Pinu_Alb_v1_50",NA,NA,NA,NA,NA,NA,NA,NA,NA,NA,NA,NA,NA,NA,NA,1,NA,NA,NA,NA,NA,NA,NA,NA,NA,NA,NA,NA,NA,NA,NA,NA,NA,NA,NA,NA,NA,NA,NA,NA,NA,NA,NA,NA,NA,NA,NA,NA,NA,NA,NA,NA,NA,NA,NA,NA,NA,NA,NA,NA,NA,NA,NA,NA,NA,NA,NA,NA,NA,NA,NA,NA,NA,NA,NA,NA,NA,NA,NA,NA,NA,NA,NA,NA,NA,NA,NA,NA,NA,NA,NA,NA,NA,NA,NA,NA,NA,NA,NA,NA,NA,NA,NA,NA,NA,NA,NA,NA,NA,NA,NA,NA,NA,NA,NA,NA,NA,NA,NA,NA
"Species_Pinu_Ban_v1_50",-0.31,0.31,0.04,0.24,-0.06,NA,NA,NA,-0.28,NA,-0.16,NA,NA,-0.07,-0.25,NA,1,0.04,NA,NA,-0.37,-0.38,NA,NA,NA,0.01,-0.42,0.51,-0.21,0.24,0.34,0.07,0.33,-0.27,0.3,0.26,0.23,0.34,0.28,0.39,-0.3,0.3,0.02,0.24,-0.06,NA,NA,NA,-0.22,NA,-0.18,NA,NA,-0.06,-0.24,NA,0.98,0,NA,NA,-0.35,-0.36,NA,NA,NA,0.07,-0.4,0.49,-0.2,0.27,0.35,0.11,0.37,-0.26,0.33,0.26,0.23,0.36,0.33,0.43,-0.22,0.22,0.02,0.18,0.01,NA,NA,NA,-0.22,NA,-0.17,NA,NA,0,-0.14,NA,0.71,-0.09,NA,NA,-0.32,-0.23,NA,NA,NA,0.02,-0.26,0.35,-0.12,0.19,0.26,0.1,0.25,-0.21,0.23,0.34,0.15,0.35,0.2,0.28
"Species_Pinu_Con_v1_50",0.01,-0.01,0.03,-0.02,0,NA,NA,NA,-0.03,NA,-0.17,NA,NA,-0.09,-0.2,NA,0.04,1,NA,NA,-0.06,0.23,NA,NA,NA,-0.05,0.2,-0.15,-0.05,0.02,-0.03,0.15,0.1,-0.08,0.09,-0.03,-0.01,0.1,0.02,0.06,0,0,0.02,-0.02,0,NA,NA,NA,-0.04,NA,-0.18,NA,NA,-0.1,-0.2,NA,0.04,0.97,NA,NA,-0.05,0.22,NA,NA,NA,-0.06,0.19,-0.14,-0.05,0.03,-0.03,0.15,0.11,-0.09,0.09,-0.03,0,0.11,0.03,0.07,0.06,-0.06,0.02,-0.06,0,NA,NA,NA,0.06,NA,-0.17,NA,NA,-0.1,-0.14,NA,0.01,0.43,NA,NA,-0.08,0.22,NA,NA,NA,0.04,0.2,-0.14,0.09,-0.04,-0.09,0.05,0.01,-0.09,0,-0.03,-0.03,0.07,-0.02,0
"Species_Pinu_Pon_v1_50",NA,NA,NA,NA,NA,NA,NA,NA,NA,NA,NA,NA,NA,NA,NA,NA,NA,NA,1,NA,NA,NA,NA,NA,NA,NA,NA,NA,NA,NA,NA,NA,NA,NA,NA,NA,NA,NA,NA,NA,NA,NA,NA,NA,NA,NA,NA,NA,NA,NA,NA,NA,NA,NA,NA,NA,NA,NA,NA,NA,NA,NA,NA,NA,NA,NA,NA,NA,NA,NA,NA,NA,NA,NA,NA,NA,NA,NA,NA,NA,NA,NA,NA,NA,NA,NA,NA,NA,NA,NA,NA,NA,NA,NA,NA,NA,NA,NA,NA,NA,NA,NA,NA,NA,NA,NA,NA,NA,NA,NA,NA,NA,NA,NA,NA,NA,NA,NA,NA,NA
"Species_Pinu_Syl_v1_50",NA,NA,NA,NA,NA,NA,NA,NA,NA,NA,NA,NA,NA,NA,NA,NA,NA,NA,NA,1,NA,NA,NA,NA,NA,NA,NA,NA,NA,NA,NA,NA,NA,NA,NA,NA,NA,NA,NA,NA,NA,NA,NA,NA,NA,NA,NA,NA,NA,NA,NA,NA,NA,NA,NA,NA,NA,NA,NA,NA,NA,NA,NA,NA,NA,NA,NA,NA,NA,NA,NA,NA,NA,NA,NA,NA,NA,NA,NA,NA,NA,NA,NA,NA,NA,NA,NA,NA,NA,NA,NA,NA,NA,NA,NA,NA,NA,NA,NA,NA,NA,NA,NA,NA,NA,NA,NA,NA,NA,NA,NA,NA,NA,NA,NA,NA,NA,NA,NA,NA
"Species_Popu_Bal_v1_50",0.23,-0.23,-0.06,-0.17,-0.01,NA,NA,NA,0.45,NA,-0.01,NA,NA,0.14,-0.22,NA,-0.37,-0.06,NA,NA,1,0.36,NA,NA,NA,0.18,0.46,-0.44,0.07,0,-0.18,0.17,-0.01,-0.04,0,-0.16,0,0.06,0,-0.02,0.24,-0.24,-0.06,-0.17,-0.01,NA,NA,NA,0.5,NA,0,NA,NA,0.12,-0.19,NA,-0.38,-0.08,NA,NA,0.98,0.34,NA,NA,NA,0.12,0.44,-0.41,0.05,-0.02,-0.18,0.14,-0.03,-0.05,-0.03,-0.16,-0.01,0.05,-0.03,-0.05,0.25,-0.25,-0.13,-0.15,0.41,NA,NA,NA,0.33,NA,-0.08,NA,NA,0.19,-0.23,NA,-0.43,0.06,NA,NA,0.68,0.31,NA,NA,NA,-0.01,0.36,-0.42,-0.07,-0.03,-0.16,0.1,-0.03,-0.02,-0.03,-0.31,0.01,-0.09,0.01,-0.04
"Species_Popu_Tre_v1_50",-0.03,0.03,0.07,-0.01,-0.05,NA,NA,NA,0.05,NA,-0.21,NA,NA,0.23,-0.58,NA,-0.38,0.23,NA,NA,0.36,1,NA,NA,NA,0.09,0.98,-0.79,-0.06,0.16,-0.17,0.57,0.26,-0.06,0.25,-0.2,0.1,0.43,0.17,0.2,-0.02,0.02,0.03,0,-0.05,NA,NA,NA,0.05,NA,-0.19,NA,NA,0.24,-0.56,NA,-0.39,0.21,NA,NA,0.37,0.98,NA,NA,NA,0.05,0.97,-0.75,-0.07,0.17,-0.17,0.57,0.25,-0.05,0.25,-0.22,0.1,0.43,0.17,0.2,-0.02,0.02,-0.07,0.05,0.12,NA,NA,NA,0.12,NA,-0.18,NA,NA,0.26,-0.42,NA,-0.37,0.13,NA,NA,0.35,0.76,NA,NA,NA,0.04,0.76,-0.53,-0.09,0.09,-0.14,0.37,0.14,0.03,0.14,-0.16,0.11,0.23,0.13,0.12
"Species_Popu_Tri_v1_50",NA,NA,NA,NA,NA,NA,NA,NA,NA,NA,NA,NA,NA,NA,NA,NA,NA,NA,NA,NA,NA,NA,1,NA,NA,NA,NA,NA,NA,NA,NA,NA,NA,NA,NA,NA,NA,NA,NA,NA,NA,NA,NA,NA,NA,NA,NA,NA,NA,NA,NA,NA,NA,NA,NA,NA,NA,NA,NA,NA,NA,NA,NA,NA,NA,NA,NA,NA,NA,NA,NA,NA,NA,NA,NA,NA,NA,NA,NA,NA,NA,NA,NA,NA,NA,NA,NA,NA,NA,NA,NA,NA,NA,NA,NA,NA,NA,NA,NA,NA,NA,NA,NA,NA,NA,NA,NA,NA,NA,NA,NA,NA,NA,NA,NA,NA,NA,NA,NA,NA
"Species_Prun_Pen_v1_50",NA,NA,NA,NA,NA,NA,NA,NA,NA,NA,NA,NA,NA,NA,NA,NA,NA,NA,NA,NA,NA,NA,NA,1,NA,NA,NA,NA,NA,NA,NA,NA,NA,NA,NA,NA,NA,NA,NA,NA,NA,NA,NA,NA,NA,NA,NA,NA,NA,NA,NA,NA,NA,NA,NA,NA,NA,NA,NA,NA,NA,NA,NA,NA,NA,NA,NA,NA,NA,NA,NA,NA,NA,NA,NA,NA,NA,NA,NA,NA,NA,NA,NA,NA,NA,NA,NA,NA,NA,NA,NA,NA,NA,NA,NA,NA,NA,NA,NA,NA,NA,NA,NA,NA,NA,NA,NA,NA,NA,NA,NA,NA,NA,NA,NA,NA,NA,NA,NA,NA
"Species_Pseu_Men_v1_50",NA,NA,NA,NA,NA,NA,NA,NA,NA,NA,NA,NA,NA,NA,NA,NA,NA,NA,NA,NA,NA,NA,NA,NA,1,NA,NA,NA,NA,NA,NA,NA,NA,NA,NA,NA,NA,NA,NA,NA,NA,NA,NA,NA,NA,NA,NA,NA,NA,NA,NA,NA,NA,NA,NA,NA,NA,NA,NA,NA,NA,NA,NA,NA,NA,NA,NA,NA,NA,NA,NA,NA,NA,NA,NA,NA,NA,NA,NA,NA,NA,NA,NA,NA,NA,NA,NA,NA,NA,NA,NA,NA,NA,NA,NA,NA,NA,NA,NA,NA,NA,NA,NA,NA,NA,NA,NA,NA,NA,NA,NA,NA,NA,NA,NA,NA,NA,NA,NA,NA
"Species_Sali_Spp_v1_50",0.2,-0.2,0.12,-0.22,-0.02,NA,NA,NA,0.38,NA,-0.08,NA,NA,-0.07,-0.12,NA,0.01,-0.05,NA,NA,0.18,0.09,NA,NA,NA,1,0.15,-0.17,0.27,-0.14,-0.11,-0.12,-0.14,-0.09,-0.14,-0.22,-0.15,-0.06,-0.14,-0.15,0.2,-0.2,0.11,-0.22,-0.02,NA,NA,NA,0.43,NA,-0.08,NA,NA,-0.07,-0.12,NA,0.01,-0.05,NA,NA,0.19,0.08,NA,NA,NA,0.82,0.14,-0.16,0.24,-0.14,-0.11,-0.12,-0.15,-0.1,-0.15,-0.21,-0.15,-0.06,-0.15,-0.15,0.32,-0.32,0.04,-0.28,0.06,NA,NA,NA,0.52,NA,-0.05,NA,NA,-0.09,-0.1,NA,-0.11,-0.06,NA,NA,0.14,-0.02,NA,NA,NA,0.52,0.03,-0.22,0.19,-0.13,-0.1,-0.15,-0.14,-0.15,-0.14,-0.25,-0.21,-0.16,-0.11,-0.15
"SpeciesGroups_Broadleaf_Spp_v1_50",0.02,-0.02,0.06,-0.04,-0.06,NA,NA,NA,0.15,NA,-0.16,NA,NA,0.2,-0.57,NA,-0.42,0.2,NA,NA,0.46,0.98,NA,NA,NA,0.15,1,-0.82,-0.03,0.13,-0.2,0.53,0.21,-0.09,0.21,-0.23,0.08,0.41,0.14,0.16,0.02,-0.02,0.03,-0.03,-0.06,NA,NA,NA,0.15,NA,-0.14,NA,NA,0.21,-0.55,NA,-0.43,0.18,NA,NA,0.47,0.96,NA,NA,NA,0.09,0.98,-0.78,-0.04,0.13,-0.2,0.53,0.2,-0.08,0.2,-0.25,0.08,0.41,0.13,0.15,0.02,-0.02,-0.08,0.02,0.16,NA,NA,NA,0.18,NA,-0.18,NA,NA,0.27,-0.43,NA,-0.38,0.13,NA,NA,0.39,0.73,NA,NA,NA,0.07,0.75,-0.54,-0.09,0.08,-0.15,0.35,0.13,0,0.13,-0.19,0.1,0.22,0.13,0.11
"SpeciesGroups_Needleleaf_Spp_v1_50",-0.5,0.5,-0.1,0.47,0.06,NA,NA,NA,-0.26,NA,0.16,NA,NA,-0.06,0.61,NA,0.51,-0.15,NA,NA,-0.44,-0.79,NA,NA,NA,-0.17,-0.82,1,-0.13,0.12,0.39,-0.25,0.04,0.18,0.05,0.61,0.27,-0.06,0.05,0.08,-0.52,0.52,-0.09,0.46,0.06,NA,NA,NA,-0.24,NA,0.15,NA,NA,-0.06,0.62,NA,0.52,-0.16,NA,NA,-0.44,-0.79,NA,NA,NA,-0.11,-0.81,0.99,-0.12,0.13,0.39,-0.24,0.05,0.18,0.06,0.63,0.28,-0.04,0.06,0.1,-0.48,0.48,0.02,0.39,-0.2,NA,NA,NA,-0.39,NA,0.21,NA,NA,-0.07,0.55,NA,0.52,-0.17,NA,NA,-0.44,-0.57,NA,NA,NA,-0.1,-0.61,0.82,-0.08,0.17,0.35,-0.06,0.12,0.17,0.13,0.61,0.24,0.14,0.06,0.14
"SpeciesGroups_Unknown_Spp_v1_50",0.48,-0.48,0.63,-0.69,-0.03,NA,NA,NA,0.51,NA,0.13,NA,NA,-0.31,0.15,NA,-0.21,-0.05,NA,NA,0.07,-0.06,NA,NA,NA,0.27,-0.03,-0.13,1,-0.47,-0.41,-0.44,-0.49,0.09,-0.49,-0.4,-0.67,-0.42,-0.44,-0.53,0.44,-0.44,0.69,-0.67,-0.03,NA,NA,NA,0.4,NA,0.11,NA,NA,-0.32,0.07,NA,-0.19,0.08,NA,NA,0.06,0.01,NA,NA,NA,0.25,0.03,-0.2,0.98,-0.47,-0.41,-0.44,-0.49,0.09,-0.49,-0.38,-0.66,-0.38,-0.45,-0.53,0.38,-0.38,0.54,-0.55,-0.04,NA,NA,NA,0.28,NA,0.11,NA,NA,-0.29,-0.05,NA,-0.12,0.46,NA,NA,-0.05,0.02,NA,NA,NA,0.34,0.04,-0.2,0.72,-0.43,-0.38,-0.43,-0.44,-0.02,-0.44,-0.33,-0.55,-0.3,-0.39,-0.46
"Structure_Biomass_Branch_v1_50",-0.41,0.41,-0.33,0.49,0.05,NA,NA,NA,-0.1,NA,-0.34,NA,NA,0.54,-0.24,NA,0.24,0.02,NA,NA,0,0.16,NA,NA,NA,-0.14,0.13,0.12,-0.47,1,0.89,0.89,0.97,-0.35,0.98,0.39,0.71,0.75,0.9,0.93,-0.4,0.4,-0.34,0.49,0.05,NA,NA,NA,-0.09,NA,-0.32,NA,NA,0.51,-0.18,NA,0.25,-0.03,NA,NA,-0.02,0.13,NA,NA,NA,-0.11,0.1,0.15,-0.44,0.98,0.87,0.85,0.93,-0.31,0.95,0.36,0.69,0.72,0.88,0.89,-0.39,0.39,-0.36,0.47,0.06,NA,NA,NA,-0.23,NA,-0.39,NA,NA,0.5,-0.04,NA,0.2,-0.17,NA,NA,-0.12,0.12,NA,NA,NA,-0.09,0.1,0.2,-0.48,0.82,0.78,0.77,0.8,-0.28,0.81,0.41,0.62,0.67,0.75,0.75
"Structure_Biomass_Foliage_v1_50",-0.4,0.4,-0.29,0.47,0.04,NA,NA,NA,-0.15,NA,-0.27,NA,NA,0.3,0.06,NA,0.34,-0.03,NA,NA,-0.18,-0.17,NA,NA,NA,-0.11,-0.2,0.39,-0.41,0.89,1,0.63,0.8,-0.3,0.83,0.41,0.63,0.54,0.69,0.75,-0.39,0.39,-0.3,0.46,0.04,NA,NA,NA,-0.11,NA,-0.26,NA,NA,0.28,0.1,NA,0.35,-0.08,NA,NA,-0.19,-0.2,NA,NA,NA,-0.06,-0.22,0.41,-0.38,0.89,0.99,0.61,0.78,-0.28,0.82,0.39,0.61,0.52,0.68,0.74,-0.36,0.36,-0.28,0.42,-0.04,NA,NA,NA,-0.24,NA,-0.34,NA,NA,0.31,0.16,NA,0.31,-0.21,NA,NA,-0.25,-0.13,NA,NA,NA,-0.04,-0.15,0.37,-0.39,0.77,0.84,0.62,0.71,-0.28,0.73,0.43,0.54,0.57,0.64,0.66
"Structure_Biomass_StemBark_v1_50",-0.36,0.36,-0.27,0.43,0.03,NA,NA,NA,-0.09,NA,-0.38,NA,NA,0.49,-0.47,NA,0.07,0.15,NA,NA,0.17,0.57,NA,NA,NA,-0.12,0.53,-0.25,-0.44,0.89,0.63,1,0.92,-0.31,0.93,0.24,0.64,0.8,0.82,0.87,-0.36,0.36,-0.29,0.43,0.03,NA,NA,NA,-0.08,NA,-0.36,NA,NA,0.47,-0.42,NA,0.08,0.09,NA,NA,0.16,0.54,NA,NA,NA,-0.11,0.5,-0.2,-0.42,0.87,0.62,0.98,0.9,-0.28,0.91,0.21,0.62,0.78,0.81,0.84,-0.34,0.34,-0.34,0.43,0.14,NA,NA,NA,-0.18,NA,-0.4,NA,NA,0.5,-0.22,NA,0.02,-0.08,NA,NA,0.05,0.44,NA,NA,NA,-0.12,0.42,-0.06,-0.47,0.71,0.56,0.81,0.73,-0.2,0.73,0.28,0.56,0.65,0.68,0.68
"Structure_Biomass_StemWood_v1_50",-0.41,0.41,-0.33,0.49,0.05,NA,NA,NA,-0.14,NA,-0.4,NA,NA,0.53,-0.39,NA,0.33,0.1,NA,NA,-0.01,0.26,NA,NA,NA,-0.14,0.21,0.04,-0.49,0.97,0.8,0.92,1,-0.39,1,0.39,0.71,0.82,0.94,0.98,-0.4,0.4,-0.34,0.49,0.05,NA,NA,NA,-0.14,NA,-0.38,NA,NA,0.51,-0.34,NA,0.34,0.05,NA,NA,-0.02,0.23,NA,NA,NA,-0.12,0.19,0.08,-0.46,0.95,0.79,0.9,0.98,-0.36,0.98,0.36,0.69,0.8,0.93,0.96,-0.38,0.38,-0.39,0.48,0.1,NA,NA,NA,-0.24,NA,-0.43,NA,NA,0.51,-0.15,NA,0.26,-0.12,NA,NA,-0.11,0.2,NA,NA,NA,-0.12,0.18,0.15,-0.52,0.8,0.71,0.8,0.81,-0.3,0.81,0.43,0.62,0.72,0.77,0.78
"Structure_Biomass_TotalDead_v1_50",-0.29,0.29,0.2,0.15,0.12,NA,NA,NA,-0.26,NA,0.28,NA,NA,-0.18,0.42,NA,-0.27,-0.08,NA,NA,-0.04,-0.06,NA,NA,NA,-0.09,-0.09,0.18,0.09,-0.35,-0.3,-0.31,-0.39,1,-0.38,0.07,-0.19,-0.43,-0.44,-0.48,-0.29,0.29,0.18,0.16,0.12,NA,NA,NA,-0.23,NA,0.26,NA,NA,-0.17,0.45,NA,-0.26,-0.12,NA,NA,-0.07,-0.08,NA,NA,NA,-0.08,-0.11,0.2,0.05,-0.35,-0.29,-0.31,-0.39,0.98,-0.38,0.08,-0.17,-0.43,-0.45,-0.48,-0.26,0.26,0.22,0.12,-0.12,NA,NA,NA,-0.21,NA,0.43,NA,NA,-0.24,0.44,NA,-0.19,-0.18,NA,NA,-0.01,-0.08,NA,NA,NA,-0.07,-0.11,0.22,0.19,-0.33,-0.29,-0.31,-0.36,0.75,-0.35,0.05,-0.09,-0.37,-0.42,-0.39
"Structure_Biomass_TotalLiveAboveGround_v1_50",-0.42,0.42,-0.33,0.5,0.05,NA,NA,NA,-0.14,NA,-0.39,NA,NA,0.52,-0.35,NA,0.3,0.09,NA,NA,0,0.25,NA,NA,NA,-0.14,0.21,0.05,-0.49,0.98,0.83,0.93,1,-0.38,1,0.39,0.72,0.81,0.92,0.96,-0.41,0.41,-0.34,0.49,0.05,NA,NA,NA,-0.13,NA,-0.37,NA,NA,0.49,-0.3,NA,0.31,0.03,NA,NA,-0.01,0.22,NA,NA,NA,-0.12,0.18,0.09,-0.46,0.97,0.82,0.9,0.98,-0.35,0.98,0.36,0.69,0.78,0.91,0.94,-0.39,0.39,-0.38,0.48,0.09,NA,NA,NA,-0.24,NA,-0.43,NA,NA,0.51,-0.12,NA,0.23,-0.13,NA,NA,-0.1,0.2,NA,NA,NA,-0.11,0.17,0.15,-0.51,0.81,0.73,0.8,0.81,-0.3,0.82,0.42,0.62,0.71,0.77,0.78
"Structure_Stand_Age_v1_50",-0.66,0.66,-0.26,0.67,0.04,NA,NA,NA,-0.21,NA,-0.07,NA,NA,0.27,0.32,NA,0.26,-0.03,NA,NA,-0.16,-0.2,NA,NA,NA,-0.22,-0.23,0.61,-0.4,0.39,0.41,0.24,0.39,0.07,0.39,1,0.5,0.47,0.37,0.45,-0.66,0.66,-0.29,0.67,0.04,NA,NA,NA,-0.19,NA,-0.06,NA,NA,0.25,0.37,NA,0.29,-0.06,NA,NA,-0.17,-0.22,NA,NA,NA,-0.19,-0.25,0.64,-0.4,0.38,0.41,0.23,0.38,0.07,0.38,0.98,0.5,0.46,0.35,0.44,-0.62,0.62,-0.24,0.62,-0.05,NA,NA,NA,-0.39,NA,0,NA,NA,0.22,0.32,NA,0.35,-0.18,NA,NA,-0.25,-0.09,NA,NA,NA,-0.21,-0.13,0.58,-0.43,0.38,0.4,0.32,0.39,0.14,0.39,0.8,0.49,0.49,0.31,0.41
"Structure_Stand_CrownClosure_v1_50",-0.67,0.67,-0.63,0.85,0.04,NA,NA,NA,-0.33,NA,-0.29,NA,NA,0.49,-0.08,NA,0.23,-0.01,NA,NA,0,0.1,NA,NA,NA,-0.15,0.08,0.27,-0.67,0.71,0.63,0.64,0.71,-0.19,0.72,0.5,1,0.58,0.65,0.76,-0.67,0.67,-0.63,0.83,0.04,NA,NA,NA,-0.3,NA,-0.26,NA,NA,0.5,-0.01,NA,0.23,-0.07,NA,NA,0,0.06,NA,NA,NA,-0.18,0.04,0.32,-0.62,0.72,0.63,0.63,0.71,-0.17,0.71,0.49,0.98,0.57,0.66,0.75,-0.65,0.65,-0.58,0.78,-0.03,NA,NA,NA,-0.31,NA,-0.25,NA,NA,0.56,0.14,NA,0.21,-0.35,NA,NA,0.05,0.04,NA,NA,NA,-0.26,0.03,0.4,-0.71,0.74,0.68,0.7,0.73,-0.02,0.74,0.61,0.85,0.59,0.67,0.73
"Structure_Stand_Height_v1_50",-0.47,0.47,-0.16,0.47,-0.03,NA,NA,NA,-0.11,NA,-0.28,NA,NA,0.51,-0.52,NA,0.34,0.1,NA,NA,0.06,0.43,NA,NA,NA,-0.06,0.41,-0.06,-0.42,0.75,0.54,0.8,0.82,-0.43,0.81,0.47,0.58,1,0.76,0.84,-0.47,0.47,-0.19,0.47,-0.03,NA,NA,NA,-0.08,NA,-0.26,NA,NA,0.49,-0.47,NA,0.35,0.06,NA,NA,0.07,0.41,NA,NA,NA,-0.02,0.4,-0.02,-0.41,0.73,0.52,0.79,0.8,-0.4,0.79,0.42,0.58,0.98,0.74,0.82,-0.43,0.43,-0.27,0.47,0.09,NA,NA,NA,-0.21,NA,-0.39,NA,NA,0.54,-0.34,NA,0.33,-0.06,NA,NA,-0.07,0.38,NA,NA,NA,0,0.36,0.07,-0.45,0.62,0.49,0.7,0.68,-0.25,0.67,0.47,0.54,0.83,0.63,0.68
"Structure_Volume_Merch_v1_50",-0.29,0.29,-0.35,0.4,0.09,NA,NA,NA,-0.06,NA,-0.38,NA,NA,0.65,-0.38,NA,0.28,0.02,NA,NA,0,0.17,NA,NA,NA,-0.14,0.14,0.05,-0.44,0.9,0.69,0.82,0.94,-0.44,0.92,0.37,0.65,0.76,1,0.95,-0.29,0.29,-0.35,0.39,0.09,NA,NA,NA,-0.08,NA,-0.36,NA,NA,0.61,-0.35,NA,0.31,-0.02,NA,NA,-0.01,0.15,NA,NA,NA,-0.13,0.12,0.08,-0.41,0.87,0.67,0.78,0.9,-0.41,0.89,0.33,0.63,0.73,0.97,0.91,-0.29,0.29,-0.41,0.41,0.12,NA,NA,NA,-0.19,NA,-0.42,NA,NA,0.57,-0.17,NA,0.24,-0.09,NA,NA,-0.11,0.12,NA,NA,NA,-0.09,0.1,0.14,-0.5,0.75,0.66,0.72,0.77,-0.36,0.76,0.38,0.57,0.66,0.78,0.75
"Structure_Volume_Total_v1_50",-0.41,0.41,-0.4,0.53,0.03,NA,NA,NA,-0.15,NA,-0.4,NA,NA,0.58,-0.41,NA,0.39,0.06,NA,NA,-0.02,0.2,NA,NA,NA,-0.15,0.16,0.08,-0.53,0.93,0.75,0.87,0.98,-0.48,0.96,0.45,0.76,0.84,0.95,1,-0.41,0.41,-0.41,0.52,0.03,NA,NA,NA,-0.15,NA,-0.38,NA,NA,0.55,-0.36,NA,0.4,0.02,NA,NA,-0.03,0.17,NA,NA,NA,-0.14,0.14,0.12,-0.5,0.91,0.74,0.84,0.96,-0.46,0.95,0.42,0.74,0.81,0.94,0.98,-0.39,0.39,-0.45,0.52,0.11,NA,NA,NA,-0.24,NA,-0.44,NA,NA,0.56,-0.18,NA,0.31,-0.14,NA,NA,-0.09,0.16,NA,NA,NA,-0.15,0.14,0.18,-0.58,0.79,0.7,0.78,0.82,-0.35,0.81,0.48,0.65,0.74,0.79,0.81
"LandCover_NonVeg_v1_150",1,-1,0.13,-0.89,-0.04,NA,NA,NA,0.52,NA,-0.09,NA,NA,-0.19,-0.16,NA,-0.3,0,NA,NA,0.24,-0.02,NA,NA,NA,0.2,0.02,-0.52,0.44,-0.4,-0.39,-0.36,-0.4,-0.29,-0.41,-0.66,-0.67,-0.47,-0.29,-0.41,1,-1,0.16,-0.89,-0.04,NA,NA,NA,0.48,NA,-0.08,NA,NA,-0.19,-0.25,NA,-0.31,0.09,NA,NA,0.23,0.01,NA,NA,NA,0.19,0.05,-0.57,0.45,-0.41,-0.4,-0.36,-0.41,-0.31,-0.41,-0.67,-0.68,-0.46,-0.29,-0.41,0.93,-0.93,0.13,-0.82,0.19,NA,NA,NA,0.59,NA,-0.15,NA,NA,-0.25,-0.35,NA,-0.34,0.39,NA,NA,0.21,-0.02,NA,NA,NA,0.25,0.03,-0.65,0.38,-0.43,-0.42,-0.42,-0.43,-0.43,-0.43,-0.77,-0.65,-0.51,-0.29,-0.42
"LandCover_Veg_v1_150",-1,1,-0.13,0.89,0.04,NA,NA,NA,-0.52,NA,0.09,NA,NA,0.19,0.16,NA,0.3,0,NA,NA,-0.24,0.02,NA,NA,NA,-0.2,-0.02,0.52,-0.44,0.4,0.39,0.36,0.4,0.29,0.41,0.66,0.67,0.47,0.29,0.41,-1,1,-0.16,0.89,0.04,NA,NA,NA,-0.48,NA,0.08,NA,NA,0.19,0.25,NA,0.31,-0.09,NA,NA,-0.23,-0.01,NA,NA,NA,-0.19,-0.05,0.57,-0.45,0.41,0.4,0.36,0.41,0.31,0.41,0.67,0.68,0.46,0.29,0.41,-0.93,0.93,-0.13,0.82,-0.19,NA,NA,NA,-0.59,NA,0.15,NA,NA,0.25,0.35,NA,0.34,-0.39,NA,NA,-0.21,0.02,NA,NA,NA,-0.25,-0.03,0.65,-0.38,0.43,0.42,0.42,0.43,0.43,0.43,0.77,0.65,0.51,0.29,0.42
"LandCover_VegNonTreed_v1_150",0.17,-0.17,0.94,-0.57,-0.06,NA,NA,NA,0.1,NA,0.17,NA,NA,-0.3,-0.02,NA,0.02,0.02,NA,NA,-0.06,0.03,NA,NA,NA,0.11,0.03,-0.09,0.69,-0.34,-0.3,-0.29,-0.34,0.18,-0.34,-0.29,-0.63,-0.19,-0.35,-0.41,0.16,-0.16,1,-0.59,-0.06,NA,NA,NA,0.08,NA,0.16,NA,NA,-0.35,-0.05,NA,0.04,0.06,NA,NA,-0.08,0.05,NA,NA,NA,0.14,0.04,-0.1,0.67,-0.37,-0.32,-0.31,-0.36,0.19,-0.36,-0.29,-0.67,-0.18,-0.38,-0.44,0.2,-0.2,0.83,-0.52,-0.16,NA,NA,NA,0.04,NA,0.19,NA,NA,-0.39,-0.05,NA,0.07,0.26,NA,NA,-0.13,0.01,NA,NA,NA,0.28,0,-0.08,0.8,-0.47,-0.41,-0.46,-0.48,0.11,-0.48,-0.27,-0.61,-0.25,-0.47,-0.51
"LandCover_VegTreed_v1_150",-0.89,0.89,-0.54,0.99,0.06,NA,NA,NA,-0.47,NA,-0.01,NA,NA,0.29,0.14,NA,0.24,-0.02,NA,NA,-0.17,0,NA,NA,NA,-0.22,-0.03,0.46,-0.67,0.49,0.46,0.43,0.49,0.16,0.49,0.67,0.83,0.47,0.39,0.52,-0.89,0.89,-0.59,1,0.06,NA,NA,NA,-0.43,NA,-0.01,NA,NA,0.31,0.22,NA,0.23,-0.1,NA,NA,-0.15,-0.03,NA,NA,NA,-0.23,-0.06,0.52,-0.67,0.51,0.47,0.44,0.5,0.17,0.51,0.68,0.86,0.46,0.41,0.54,-0.85,0.85,-0.49,0.91,-0.08,NA,NA,NA,-0.5,NA,0.03,NA,NA,0.38,0.31,NA,0.25,-0.44,NA,NA,-0.11,0.02,NA,NA,NA,-0.33,-0.02,0.57,-0.68,0.57,0.53,0.56,0.57,0.3,0.57,0.76,0.81,0.53,0.46,0.58
"Species_Abie_Bal_v1_150",-0.04,0.04,-0.08,0.06,1,NA,NA,NA,-0.03,NA,-0.08,NA,NA,0.01,0.12,NA,-0.06,0,NA,NA,-0.01,-0.05,NA,NA,NA,-0.02,-0.06,0.06,-0.03,0.05,0.04,0.03,0.05,0.12,0.05,0.04,0.04,-0.03,0.09,0.03,-0.04,0.04,-0.06,0.06,1,NA,NA,NA,-0.03,NA,-0.08,NA,NA,0,0.14,NA,-0.09,-0.01,NA,NA,0.01,-0.06,NA,NA,NA,-0.02,-0.06,0.06,-0.02,0.02,0.01,-0.01,0.01,0.11,0.01,0.03,0.06,-0.08,0.06,0,-0.05,0.05,-0.07,0.07,0.53,NA,NA,NA,-0.02,NA,-0.07,NA,NA,0.13,0.11,NA,-0.15,-0.04,NA,NA,0.12,-0.01,NA,NA,NA,-0.04,-0.01,0.03,-0.04,0.05,0.02,0.03,0.02,0.08,0.03,0.05,0.09,0,0.05,0.02
"Species_Abie_Las_v1_150",NA,NA,NA,NA,NA,NA,NA,NA,NA,NA,NA,NA,NA,NA,NA,NA,NA,NA,NA,NA,NA,NA,NA,NA,NA,NA,NA,NA,NA,NA,NA,NA,NA,NA,NA,NA,NA,NA,NA,NA,NA,NA,NA,NA,NA,1,NA,NA,NA,NA,NA,NA,NA,NA,NA,NA,NA,NA,NA,NA,NA,NA,NA,NA,NA,NA,NA,NA,NA,NA,NA,NA,NA,NA,NA,NA,NA,NA,NA,NA,NA,NA,NA,NA,NA,NA,NA,NA,NA,NA,NA,NA,NA,NA,NA,NA,NA,NA,NA,NA,NA,NA,NA,NA,NA,NA,NA,NA,NA,NA,NA,NA,NA,NA,NA,NA,NA,NA,NA,NA
"Species_Acer_Neg_v1_150",NA,NA,NA,NA,NA,NA,NA,NA,NA,NA,NA,NA,NA,NA,NA,NA,NA,NA,NA,NA,NA,NA,NA,NA,NA,NA,NA,NA,NA,NA,NA,NA,NA,NA,NA,NA,NA,NA,NA,NA,NA,NA,NA,NA,NA,NA,1,NA,NA,NA,NA,NA,NA,NA,NA,NA,NA,NA,NA,NA,NA,NA,NA,NA,NA,NA,NA,NA,NA,NA,NA,NA,NA,NA,NA,NA,NA,NA,NA,NA,NA,NA,NA,NA,NA,NA,NA,NA,NA,NA,NA,NA,NA,NA,NA,NA,NA,NA,NA,NA,NA,NA,NA,NA,NA,NA,NA,NA,NA,NA,NA,NA,NA,NA,NA,NA,NA,NA,NA,NA
"Species_Alnu_Spp_v1_150",NA,NA,NA,NA,NA,NA,NA,NA,NA,NA,NA,NA,NA,NA,NA,NA,NA,NA,NA,NA,NA,NA,NA,NA,NA,NA,NA,NA,NA,NA,NA,NA,NA,NA,NA,NA,NA,NA,NA,NA,NA,NA,NA,NA,NA,NA,NA,1,NA,NA,NA,NA,NA,NA,NA,NA,NA,NA,NA,NA,NA,NA,NA,NA,NA,NA,NA,NA,NA,NA,NA,NA,NA,NA,NA,NA,NA,NA,NA,NA,NA,NA,NA,NA,NA,NA,NA,NA,NA,NA,NA,NA,NA,NA,NA,NA,NA,NA,NA,NA,NA,NA,NA,NA,NA,NA,NA,NA,NA,NA,NA,NA,NA,NA,NA,NA,NA,NA,NA,NA
"Species_Betu_Pap_v1_150",0.48,-0.48,0.09,-0.44,-0.03,NA,NA,NA,0.94,NA,-0.08,NA,NA,-0.01,-0.02,NA,-0.22,-0.04,NA,NA,0.5,0.05,NA,NA,NA,0.43,0.15,-0.24,0.4,-0.09,-0.11,-0.08,-0.14,-0.23,-0.13,-0.19,-0.3,-0.08,-0.08,-0.15,0.48,-0.48,0.08,-0.43,-0.03,NA,NA,NA,1,NA,-0.08,NA,NA,-0.03,-0.05,NA,-0.22,0.01,NA,NA,0.5,0.09,NA,NA,NA,0.45,0.19,-0.27,0.37,-0.12,-0.12,-0.09,-0.16,-0.23,-0.15,-0.2,-0.28,-0.08,-0.11,-0.17,0.48,-0.48,-0.01,-0.39,0.3,NA,NA,NA,0.62,NA,-0.17,NA,NA,-0.08,-0.17,NA,-0.17,0.23,NA,NA,0.21,0.05,NA,NA,NA,0.33,0.1,-0.32,0.13,-0.12,-0.13,-0.11,-0.12,-0.3,-0.12,-0.3,-0.27,-0.13,-0.07,-0.13
"Species_Frax_Pen_v1_150",NA,NA,NA,NA,NA,NA,NA,NA,NA,NA,NA,NA,NA,NA,NA,NA,NA,NA,NA,NA,NA,NA,NA,NA,NA,NA,NA,NA,NA,NA,NA,NA,NA,NA,NA,NA,NA,NA,NA,NA,NA,NA,NA,NA,NA,NA,NA,NA,NA,1,NA,NA,NA,NA,NA,NA,NA,NA,NA,NA,NA,NA,NA,NA,NA,NA,NA,NA,NA,NA,NA,NA,NA,NA,NA,NA,NA,NA,NA,NA,NA,NA,NA,NA,NA,NA,NA,NA,NA,NA,NA,NA,NA,NA,NA,NA,NA,NA,NA,NA,NA,NA,NA,NA,NA,NA,NA,NA,NA,NA,NA,NA,NA,NA,NA,NA,NA,NA,NA,NA
"Species_Lari_Lar_v1_150",-0.08,0.08,0.15,0,-0.08,NA,NA,NA,-0.08,NA,0.98,NA,NA,-0.28,0.19,NA,-0.18,-0.18,NA,NA,0,-0.19,NA,NA,NA,-0.08,-0.14,0.15,0.11,-0.32,-0.26,-0.36,-0.38,0.26,-0.37,-0.06,-0.26,-0.26,-0.36,-0.38,-0.08,0.08,0.16,-0.01,-0.08,NA,NA,NA,-0.08,NA,1,NA,NA,-0.29,0.22,NA,-0.19,-0.19,NA,NA,0,-0.21,NA,NA,NA,-0.12,-0.16,0.17,0.1,-0.32,-0.26,-0.36,-0.39,0.26,-0.38,-0.04,-0.27,-0.27,-0.37,-0.39,-0.11,0.11,0.22,0,-0.16,NA,NA,NA,-0.16,NA,0.7,NA,NA,-0.25,0.28,NA,-0.04,-0.12,NA,NA,-0.03,-0.28,NA,NA,NA,-0.12,-0.28,0.25,0.19,-0.27,-0.21,-0.34,-0.31,0.28,-0.3,0.05,-0.19,-0.26,-0.3,-0.29
"Species_Lari_Lya_v1_150",NA,NA,NA,NA,NA,NA,NA,NA,NA,NA,NA,NA,NA,NA,NA,NA,NA,NA,NA,NA,NA,NA,NA,NA,NA,NA,NA,NA,NA,NA,NA,NA,NA,NA,NA,NA,NA,NA,NA,NA,NA,NA,NA,NA,NA,NA,NA,NA,NA,NA,NA,1,NA,NA,NA,NA,NA,NA,NA,NA,NA,NA,NA,NA,NA,NA,NA,NA,NA,NA,NA,NA,NA,NA,NA,NA,NA,NA,NA,NA,NA,NA,NA,NA,NA,NA,NA,NA,NA,NA,NA,NA,NA,NA,NA,NA,NA,NA,NA,NA,NA,NA,NA,NA,NA,NA,NA,NA,NA,NA,NA,NA,NA,NA,NA,NA,NA,NA,NA,NA
"Species_Pice_Eng_v1_150",NA,NA,NA,NA,NA,NA,NA,NA,NA,NA,NA,NA,NA,NA,NA,NA,NA,NA,NA,NA,NA,NA,NA,NA,NA,NA,NA,NA,NA,NA,NA,NA,NA,NA,NA,NA,NA,NA,NA,NA,NA,NA,NA,NA,NA,NA,NA,NA,NA,NA,NA,NA,1,NA,NA,NA,NA,NA,NA,NA,NA,NA,NA,NA,NA,NA,NA,NA,NA,NA,NA,NA,NA,NA,NA,NA,NA,NA,NA,NA,NA,NA,NA,NA,NA,NA,NA,NA,NA,NA,NA,NA,NA,NA,NA,NA,NA,NA,NA,NA,NA,NA,NA,NA,NA,NA,NA,NA,NA,NA,NA,NA,NA,NA,NA,NA,NA,NA,NA,NA
"Species_Pice_Gla_v1_150",-0.19,0.19,-0.35,0.31,0,NA,NA,NA,0,NA,-0.31,NA,NA,0.96,-0.36,NA,-0.06,-0.1,NA,NA,0.12,0.24,NA,NA,NA,-0.07,0.21,-0.06,-0.32,0.51,0.28,0.47,0.51,-0.17,0.49,0.25,0.5,0.49,0.61,0.55,-0.19,0.19,-0.35,0.31,0,NA,NA,NA,-0.03,NA,-0.29,NA,NA,1,-0.33,NA,-0.07,-0.12,NA,NA,0.12,0.24,NA,NA,NA,-0.1,0.21,-0.04,-0.3,0.49,0.27,0.45,0.48,-0.16,0.47,0.23,0.5,0.47,0.59,0.53,-0.22,0.22,-0.36,0.34,0,NA,NA,NA,-0.03,NA,-0.26,NA,NA,0.73,-0.24,NA,-0.01,-0.12,NA,NA,0.17,0.21,NA,NA,NA,0.01,0.21,0.01,-0.39,0.4,0.27,0.43,0.42,-0.11,0.41,0.27,0.44,0.4,0.45,0.44
"Species_Pice_Mar_v1_150",-0.23,0.23,-0.07,0.22,0.14,NA,NA,NA,-0.06,NA,0.23,NA,NA,-0.33,0.97,NA,-0.24,-0.2,NA,NA,-0.19,-0.56,NA,NA,NA,-0.12,-0.55,0.62,0.07,-0.18,0.1,-0.42,-0.34,0.45,-0.3,0.37,-0.01,-0.47,-0.35,-0.36,-0.25,0.25,-0.05,0.22,0.14,NA,NA,NA,-0.05,NA,0.22,NA,NA,-0.33,1,NA,-0.23,-0.19,NA,NA,-0.21,-0.58,NA,NA,NA,-0.14,-0.57,0.64,0.06,-0.18,0.11,-0.43,-0.34,0.43,-0.3,0.4,-0.01,-0.46,-0.35,-0.36,-0.24,0.24,0.06,0.17,-0.15,NA,NA,NA,-0.2,NA,0.32,NA,NA,-0.3,0.77,NA,-0.03,-0.15,NA,NA,-0.25,-0.46,NA,NA,NA,-0.13,-0.47,0.54,0.07,-0.04,0.15,-0.21,-0.14,0.34,-0.11,0.26,0.04,-0.24,-0.18,-0.16
"Species_Pinu_Alb_v1_150",NA,NA,NA,NA,NA,NA,NA,NA,NA,NA,NA,NA,NA,NA,NA,NA,NA,NA,NA,NA,NA,NA,NA,NA,NA,NA,NA,NA,NA,NA,NA,NA,NA,NA,NA,NA,NA,NA,NA,NA,NA,NA,NA,NA,NA,NA,NA,NA,NA,NA,NA,NA,NA,NA,NA,1,NA,NA,NA,NA,NA,NA,NA,NA,NA,NA,NA,NA,NA,NA,NA,NA,NA,NA,NA,NA,NA,NA,NA,NA,NA,NA,NA,NA,NA,NA,NA,NA,NA,NA,NA,NA,NA,NA,NA,NA,NA,NA,NA,NA,NA,NA,NA,NA,NA,NA,NA,NA,NA,NA,NA,NA,NA,NA,NA,NA,NA,NA,NA,NA
"Species_Pinu_Ban_v1_150",-0.31,0.31,0.05,0.24,-0.09,NA,NA,NA,-0.26,NA,-0.17,NA,NA,-0.05,-0.23,NA,0.98,0.04,NA,NA,-0.38,-0.39,NA,NA,NA,0.01,-0.43,0.52,-0.19,0.25,0.35,0.08,0.34,-0.26,0.31,0.29,0.23,0.35,0.31,0.4,-0.31,0.31,0.04,0.23,-0.09,NA,NA,NA,-0.22,NA,-0.19,NA,NA,-0.07,-0.23,NA,1,0.01,NA,NA,-0.36,-0.38,NA,NA,NA,0.08,-0.42,0.51,-0.19,0.27,0.35,0.1,0.37,-0.25,0.33,0.28,0.23,0.36,0.34,0.43,-0.23,0.23,0.04,0.17,-0.05,NA,NA,NA,-0.21,NA,-0.17,NA,NA,-0.03,-0.1,NA,0.72,-0.09,NA,NA,-0.35,-0.24,NA,NA,NA,0.02,-0.27,0.37,-0.1,0.18,0.25,0.09,0.23,-0.19,0.22,0.34,0.13,0.34,0.19,0.26
"Species_Pinu_Con_v1_150",0.11,-0.11,0.03,-0.1,-0.01,NA,NA,NA,0.06,NA,-0.19,NA,NA,-0.11,-0.16,NA,0,0.97,NA,NA,-0.08,0.21,NA,NA,NA,-0.05,0.18,-0.16,0.08,-0.03,-0.08,0.09,0.05,-0.12,0.03,-0.06,-0.07,0.06,-0.02,0.02,0.09,-0.09,0.06,-0.1,-0.01,NA,NA,NA,0.01,NA,-0.19,NA,NA,-0.12,-0.19,NA,0.01,1,NA,NA,-0.06,0.22,NA,NA,NA,-0.07,0.19,-0.17,0.1,-0.02,-0.07,0.11,0.06,-0.13,0.05,-0.06,-0.06,0.07,-0.01,0.03,0.11,-0.11,0.05,-0.11,-0.01,NA,NA,NA,0.09,NA,-0.18,NA,NA,-0.11,-0.16,NA,0,0.55,NA,NA,-0.09,0.24,NA,NA,NA,0.07,0.22,-0.17,0.16,-0.07,-0.12,0.02,-0.02,-0.12,-0.03,-0.04,-0.08,0.07,-0.04,-0.02
"Species_Pinu_Pon_v1_150",NA,NA,NA,NA,NA,NA,NA,NA,NA,NA,NA,NA,NA,NA,NA,NA,NA,NA,NA,NA,NA,NA,NA,NA,NA,NA,NA,NA,NA,NA,NA,NA,NA,NA,NA,NA,NA,NA,NA,NA,NA,NA,NA,NA,NA,NA,NA,NA,NA,NA,NA,NA,NA,NA,NA,NA,NA,NA,1,NA,NA,NA,NA,NA,NA,NA,NA,NA,NA,NA,NA,NA,NA,NA,NA,NA,NA,NA,NA,NA,NA,NA,NA,NA,NA,NA,NA,NA,NA,NA,NA,NA,NA,NA,NA,NA,NA,NA,NA,NA,NA,NA,NA,NA,NA,NA,NA,NA,NA,NA,NA,NA,NA,NA,NA,NA,NA,NA,NA,NA
"Species_Pinu_Syl_v1_150",NA,NA,NA,NA,NA,NA,NA,NA,NA,NA,NA,NA,NA,NA,NA,NA,NA,NA,NA,NA,NA,NA,NA,NA,NA,NA,NA,NA,NA,NA,NA,NA,NA,NA,NA,NA,NA,NA,NA,NA,NA,NA,NA,NA,NA,NA,NA,NA,NA,NA,NA,NA,NA,NA,NA,NA,NA,NA,NA,1,NA,NA,NA,NA,NA,NA,NA,NA,NA,NA,NA,NA,NA,NA,NA,NA,NA,NA,NA,NA,NA,NA,NA,NA,NA,NA,NA,NA,NA,NA,NA,NA,NA,NA,NA,NA,NA,NA,NA,NA,NA,NA,NA,NA,NA,NA,NA,NA,NA,NA,NA,NA,NA,NA,NA,NA,NA,NA,NA,NA
"Species_Popu_Bal_v1_150",0.23,-0.23,-0.06,-0.16,0.01,NA,NA,NA,0.45,NA,-0.01,NA,NA,0.11,-0.23,NA,-0.35,-0.05,NA,NA,0.98,0.37,NA,NA,NA,0.19,0.47,-0.44,0.06,-0.02,-0.19,0.16,-0.02,-0.07,-0.01,-0.17,0,0.07,-0.01,-0.03,0.23,-0.23,-0.08,-0.15,0.01,NA,NA,NA,0.5,NA,0,NA,NA,0.12,-0.21,NA,-0.36,-0.06,NA,NA,1,0.36,NA,NA,NA,0.12,0.46,-0.42,0.04,-0.02,-0.18,0.16,-0.02,-0.09,-0.02,-0.16,0.01,0.07,-0.02,-0.03,0.24,-0.24,-0.15,-0.13,0.45,NA,NA,NA,0.33,NA,-0.12,NA,NA,0.24,-0.28,NA,-0.41,0.07,NA,NA,0.72,0.34,NA,NA,NA,-0.01,0.4,-0.43,-0.1,0,-0.15,0.14,0,-0.05,0,-0.29,0.04,-0.05,0.05,0
"Species_Popu_Tre_v1_150",0.01,-0.01,0.09,-0.05,-0.06,NA,NA,NA,0.1,NA,-0.23,NA,NA,0.22,-0.57,NA,-0.36,0.22,NA,NA,0.34,0.98,NA,NA,NA,0.08,0.96,-0.79,0.01,0.13,-0.2,0.54,0.23,-0.08,0.22,-0.22,0.06,0.41,0.15,0.17,0.01,-0.01,0.05,-0.03,-0.06,NA,NA,NA,0.09,NA,-0.21,NA,NA,0.24,-0.58,NA,-0.38,0.22,NA,NA,0.36,1,NA,NA,NA,0.09,0.98,-0.78,-0.01,0.14,-0.2,0.56,0.24,-0.06,0.23,-0.24,0.07,0.42,0.17,0.18,0,0,-0.05,0.02,0.13,NA,NA,NA,0.13,NA,-0.19,NA,NA,0.27,-0.45,NA,-0.37,0.2,NA,NA,0.33,0.79,NA,NA,NA,0.09,0.79,-0.55,-0.06,0.08,-0.16,0.36,0.14,0.02,0.13,-0.17,0.09,0.24,0.13,0.11
"Species_Popu_Tri_v1_150",NA,NA,NA,NA,NA,NA,NA,NA,NA,NA,NA,NA,NA,NA,NA,NA,NA,NA,NA,NA,NA,NA,NA,NA,NA,NA,NA,NA,NA,NA,NA,NA,NA,NA,NA,NA,NA,NA,NA,NA,NA,NA,NA,NA,NA,NA,NA,NA,NA,NA,NA,NA,NA,NA,NA,NA,NA,NA,NA,NA,NA,NA,1,NA,NA,NA,NA,NA,NA,NA,NA,NA,NA,NA,NA,NA,NA,NA,NA,NA,NA,NA,NA,NA,NA,NA,NA,NA,NA,NA,NA,NA,NA,NA,NA,NA,NA,NA,NA,NA,NA,NA,NA,NA,NA,NA,NA,NA,NA,NA,NA,NA,NA,NA,NA,NA,NA,NA,NA,NA
"Species_Prun_Pen_v1_150",NA,NA,NA,NA,NA,NA,NA,NA,NA,NA,NA,NA,NA,NA,NA,NA,NA,NA,NA,NA,NA,NA,NA,NA,NA,NA,NA,NA,NA,NA,NA,NA,NA,NA,NA,NA,NA,NA,NA,NA,NA,NA,NA,NA,NA,NA,NA,NA,NA,NA,NA,NA,NA,NA,NA,NA,NA,NA,NA,NA,NA,NA,NA,1,NA,NA,NA,NA,NA,NA,NA,NA,NA,NA,NA,NA,NA,NA,NA,NA,NA,NA,NA,NA,NA,NA,NA,NA,NA,NA,NA,NA,NA,NA,NA,NA,NA,NA,NA,NA,NA,NA,NA,NA,NA,NA,NA,NA,NA,NA,NA,NA,NA,NA,NA,NA,NA,NA,NA,NA
"Species_Pseu_Men_v1_150",NA,NA,NA,NA,NA,NA,NA,NA,NA,NA,NA,NA,NA,NA,NA,NA,NA,NA,NA,NA,NA,NA,NA,NA,NA,NA,NA,NA,NA,NA,NA,NA,NA,NA,NA,NA,NA,NA,NA,NA,NA,NA,NA,NA,NA,NA,NA,NA,NA,NA,NA,NA,NA,NA,NA,NA,NA,NA,NA,NA,NA,NA,NA,NA,1,NA,NA,NA,NA,NA,NA,NA,NA,NA,NA,NA,NA,NA,NA,NA,NA,NA,NA,NA,NA,NA,NA,NA,NA,NA,NA,NA,NA,NA,NA,NA,NA,NA,NA,NA,NA,NA,NA,NA,NA,NA,NA,NA,NA,NA,NA,NA,NA,NA,NA,NA,NA,NA,NA,NA
"Species_Sali_Spp_v1_150",0.17,-0.17,0.22,-0.24,-0.02,NA,NA,NA,0.29,NA,-0.11,NA,NA,-0.08,-0.1,NA,0.07,-0.06,NA,NA,0.12,0.05,NA,NA,NA,0.82,0.09,-0.11,0.25,-0.11,-0.06,-0.11,-0.12,-0.08,-0.12,-0.19,-0.18,-0.02,-0.13,-0.14,0.19,-0.19,0.14,-0.23,-0.02,NA,NA,NA,0.45,NA,-0.12,NA,NA,-0.1,-0.14,NA,0.08,-0.07,NA,NA,0.12,0.09,NA,NA,NA,1,0.14,-0.14,0.2,-0.13,-0.09,-0.11,-0.14,-0.11,-0.13,-0.22,-0.15,-0.02,-0.15,-0.15,0.31,-0.31,0.11,-0.3,0.02,NA,NA,NA,0.52,NA,-0.11,NA,NA,-0.07,-0.16,NA,-0.06,0.01,NA,NA,0.09,0.04,NA,NA,NA,0.73,0.09,-0.23,0.19,-0.13,-0.1,-0.14,-0.14,-0.17,-0.14,-0.26,-0.22,-0.09,-0.1,-0.14
"SpeciesGroups_Broadleaf_Spp_v1_150",0.05,-0.05,0.08,-0.08,-0.06,NA,NA,NA,0.18,NA,-0.18,NA,NA,0.19,-0.56,NA,-0.4,0.19,NA,NA,0.44,0.97,NA,NA,NA,0.14,0.98,-0.81,0.03,0.1,-0.22,0.5,0.19,-0.11,0.18,-0.25,0.04,0.4,0.12,0.14,0.05,-0.05,0.04,-0.06,-0.06,NA,NA,NA,0.19,NA,-0.16,NA,NA,0.21,-0.57,NA,-0.42,0.19,NA,NA,0.46,0.98,NA,NA,NA,0.14,1,-0.8,0.02,0.11,-0.22,0.52,0.19,-0.1,0.19,-0.27,0.05,0.41,0.13,0.14,0.04,-0.04,-0.06,0,0.17,NA,NA,NA,0.19,NA,-0.2,NA,NA,0.29,-0.47,NA,-0.38,0.19,NA,NA,0.37,0.76,NA,NA,NA,0.13,0.78,-0.56,-0.06,0.07,-0.17,0.35,0.13,-0.01,0.12,-0.19,0.08,0.24,0.13,0.11
"SpeciesGroups_Needleleaf_Spp_v1_150",-0.56,0.56,-0.11,0.52,0.06,NA,NA,NA,-0.29,NA,0.18,NA,NA,-0.04,0.59,NA,0.49,-0.14,NA,NA,-0.41,-0.75,NA,NA,NA,-0.16,-0.78,0.99,-0.2,0.15,0.41,-0.2,0.08,0.2,0.09,0.64,0.32,-0.02,0.08,0.12,-0.57,0.57,-0.1,0.52,0.06,NA,NA,NA,-0.27,NA,0.17,NA,NA,-0.04,0.64,NA,0.51,-0.17,NA,NA,-0.42,-0.78,NA,NA,NA,-0.14,-0.8,1,-0.19,0.16,0.42,-0.21,0.08,0.2,0.09,0.66,0.32,-0.01,0.08,0.13,-0.52,0.52,0,0.43,-0.21,NA,NA,NA,-0.41,NA,0.22,NA,NA,-0.07,0.58,NA,0.51,-0.24,NA,NA,-0.42,-0.57,NA,NA,NA,-0.14,-0.61,0.84,-0.12,0.19,0.37,-0.04,0.14,0.19,0.15,0.63,0.27,0.14,0.07,0.15
"SpeciesGroups_Unknown_Spp_v1_150",0.5,-0.5,0.55,-0.67,-0.02,NA,NA,NA,0.51,NA,0.1,NA,NA,-0.28,0.16,NA,-0.2,-0.05,NA,NA,0.05,-0.07,NA,NA,NA,0.24,-0.04,-0.12,0.98,-0.44,-0.38,-0.42,-0.46,0.05,-0.46,-0.4,-0.62,-0.41,-0.41,-0.5,0.45,-0.45,0.67,-0.67,-0.02,NA,NA,NA,0.37,NA,0.1,NA,NA,-0.3,0.06,NA,-0.19,0.1,NA,NA,0.04,-0.01,NA,NA,NA,0.2,0.02,-0.19,1,-0.45,-0.39,-0.42,-0.47,0.05,-0.47,-0.38,-0.64,-0.37,-0.42,-0.51,0.38,-0.38,0.53,-0.54,-0.04,NA,NA,NA,0.26,NA,0.08,NA,NA,-0.27,-0.04,NA,-0.11,0.5,NA,NA,-0.04,0.01,NA,NA,NA,0.3,0.02,-0.18,0.71,-0.4,-0.35,-0.41,-0.42,-0.03,-0.41,-0.31,-0.53,-0.28,-0.37,-0.44
"Structure_Biomass_Branch_v1_150",-0.42,0.42,-0.35,0.51,0.02,NA,NA,NA,-0.14,NA,-0.34,NA,NA,0.48,-0.23,NA,0.27,0.03,NA,NA,-0.02,0.17,NA,NA,NA,-0.14,0.13,0.13,-0.47,0.98,0.89,0.87,0.95,-0.35,0.97,0.38,0.72,0.73,0.87,0.91,-0.41,0.41,-0.37,0.51,0.02,NA,NA,NA,-0.12,NA,-0.32,NA,NA,0.49,-0.18,NA,0.27,-0.02,NA,NA,-0.02,0.14,NA,NA,NA,-0.13,0.11,0.16,-0.45,1,0.9,0.88,0.96,-0.34,0.98,0.37,0.71,0.73,0.89,0.92,-0.4,0.4,-0.39,0.5,0.05,NA,NA,NA,-0.25,NA,-0.41,NA,NA,0.52,-0.05,NA,0.23,-0.16,NA,NA,-0.12,0.13,NA,NA,NA,-0.11,0.1,0.22,-0.51,0.85,0.8,0.8,0.83,-0.31,0.84,0.44,0.65,0.7,0.79,0.79
"Structure_Biomass_Foliage_v1_150",-0.4,0.4,-0.3,0.47,0.01,NA,NA,NA,-0.16,NA,-0.27,NA,NA,0.27,0.07,NA,0.35,-0.03,NA,NA,-0.18,-0.17,NA,NA,NA,-0.11,-0.2,0.39,-0.41,0.87,0.99,0.62,0.79,-0.29,0.82,0.41,0.63,0.52,0.67,0.74,-0.4,0.4,-0.32,0.47,0.01,NA,NA,NA,-0.12,NA,-0.26,NA,NA,0.27,0.11,NA,0.35,-0.07,NA,NA,-0.18,-0.2,NA,NA,NA,-0.09,-0.22,0.42,-0.39,0.9,1,0.62,0.79,-0.29,0.83,0.42,0.63,0.52,0.68,0.76,-0.37,0.37,-0.31,0.44,-0.05,NA,NA,NA,-0.25,NA,-0.35,NA,NA,0.32,0.15,NA,0.32,-0.21,NA,NA,-0.24,-0.13,NA,NA,NA,-0.07,-0.15,0.38,-0.41,0.78,0.85,0.63,0.73,-0.3,0.75,0.45,0.56,0.58,0.65,0.68
"Structure_Biomass_StemBark_v1_150",-0.36,0.36,-0.28,0.43,-0.01,NA,NA,NA,-0.11,NA,-0.38,NA,NA,0.43,-0.46,NA,0.11,0.15,NA,NA,0.14,0.57,NA,NA,NA,-0.12,0.53,-0.24,-0.44,0.85,0.61,0.98,0.9,-0.31,0.9,0.23,0.63,0.79,0.78,0.84,-0.36,0.36,-0.31,0.44,-0.01,NA,NA,NA,-0.09,NA,-0.36,NA,NA,0.45,-0.43,NA,0.1,0.11,NA,NA,0.16,0.56,NA,NA,NA,-0.11,0.52,-0.21,-0.42,0.88,0.62,1,0.92,-0.3,0.92,0.21,0.63,0.79,0.82,0.86,-0.35,0.35,-0.36,0.44,0.13,NA,NA,NA,-0.19,NA,-0.41,NA,NA,0.51,-0.25,NA,0.05,-0.05,NA,NA,0.04,0.45,NA,NA,NA,-0.12,0.43,-0.06,-0.48,0.73,0.57,0.83,0.75,-0.22,0.75,0.29,0.59,0.68,0.7,0.71
"Structure_Biomass_StemWood_v1_150",-0.41,0.41,-0.34,0.5,0.01,NA,NA,NA,-0.17,NA,-0.4,NA,NA,0.47,-0.37,NA,0.37,0.11,NA,NA,-0.03,0.25,NA,NA,NA,-0.15,0.2,0.05,-0.49,0.93,0.78,0.9,0.98,-0.39,0.98,0.38,0.71,0.8,0.9,0.96,-0.41,0.41,-0.36,0.5,0.01,NA,NA,NA,-0.16,NA,-0.39,NA,NA,0.48,-0.34,NA,0.37,0.06,NA,NA,-0.02,0.24,NA,NA,NA,-0.14,0.19,0.08,-0.47,0.96,0.79,0.92,1,-0.38,1,0.37,0.71,0.81,0.94,0.98,-0.4,0.4,-0.41,0.5,0.09,NA,NA,NA,-0.26,NA,-0.44,NA,NA,0.52,-0.17,NA,0.29,-0.1,NA,NA,-0.12,0.21,NA,NA,NA,-0.13,0.18,0.16,-0.54,0.81,0.72,0.82,0.84,-0.33,0.83,0.45,0.64,0.74,0.8,0.81
"Structure_Biomass_TotalDead_v1_150",-0.31,0.31,0.2,0.17,0.11,NA,NA,NA,-0.23,NA,0.28,NA,NA,-0.14,0.39,NA,-0.26,-0.09,NA,NA,-0.05,-0.05,NA,NA,NA,-0.1,-0.08,0.18,0.09,-0.31,-0.28,-0.28,-0.36,0.98,-0.35,0.07,-0.17,-0.4,-0.41,-0.46,-0.31,0.31,0.19,0.17,0.11,NA,NA,NA,-0.23,NA,0.26,NA,NA,-0.16,0.43,NA,-0.25,-0.13,NA,NA,-0.09,-0.06,NA,NA,NA,-0.11,-0.1,0.2,0.05,-0.34,-0.29,-0.3,-0.38,1,-0.37,0.07,-0.17,-0.42,-0.44,-0.48,-0.28,0.28,0.25,0.13,-0.12,NA,NA,NA,-0.21,NA,0.45,NA,NA,-0.26,0.44,NA,-0.19,-0.2,NA,NA,-0.04,-0.08,NA,NA,NA,-0.1,-0.1,0.22,0.2,-0.33,-0.29,-0.31,-0.37,0.79,-0.35,0.06,-0.1,-0.37,-0.43,-0.4
"Structure_Biomass_TotalLiveAboveGround_v1_150",-0.42,0.42,-0.34,0.5,0.01,NA,NA,NA,-0.17,NA,-0.39,NA,NA,0.46,-0.34,NA,0.33,0.09,NA,NA,-0.03,0.25,NA,NA,NA,-0.15,0.2,0.06,-0.49,0.95,0.82,0.91,0.98,-0.38,0.98,0.38,0.71,0.79,0.89,0.95,-0.41,0.41,-0.36,0.51,0.01,NA,NA,NA,-0.15,NA,-0.38,NA,NA,0.47,-0.3,NA,0.33,0.05,NA,NA,-0.02,0.23,NA,NA,NA,-0.13,0.19,0.09,-0.47,0.98,0.83,0.92,1,-0.37,1,0.37,0.71,0.79,0.92,0.96,-0.4,0.4,-0.4,0.5,0.08,NA,NA,NA,-0.26,NA,-0.44,NA,NA,0.52,-0.14,NA,0.26,-0.11,NA,NA,-0.11,0.2,NA,NA,NA,-0.13,0.17,0.17,-0.53,0.83,0.75,0.82,0.84,-0.32,0.84,0.44,0.65,0.74,0.79,0.81
"Structure_Stand_Age_v1_150",-0.65,0.65,-0.26,0.67,0.03,NA,NA,NA,-0.22,NA,-0.03,NA,NA,0.21,0.34,NA,0.26,-0.03,NA,NA,-0.16,-0.22,NA,NA,NA,-0.21,-0.25,0.63,-0.38,0.36,0.39,0.21,0.36,0.08,0.36,0.98,0.49,0.42,0.33,0.42,-0.67,0.67,-0.29,0.68,0.03,NA,NA,NA,-0.2,NA,-0.04,NA,NA,0.23,0.4,NA,0.28,-0.06,NA,NA,-0.16,-0.24,NA,NA,NA,-0.22,-0.27,0.66,-0.38,0.37,0.42,0.21,0.37,0.07,0.37,1,0.51,0.45,0.34,0.43,-0.63,0.63,-0.25,0.63,-0.06,NA,NA,NA,-0.41,NA,0.02,NA,NA,0.22,0.34,NA,0.36,-0.16,NA,NA,-0.25,-0.11,NA,NA,NA,-0.23,-0.15,0.61,-0.42,0.39,0.42,0.32,0.39,0.12,0.39,0.82,0.51,0.49,0.31,0.42
"Structure_Stand_CrownClosure_v1_150",-0.68,0.68,-0.62,0.85,0.06,NA,NA,NA,-0.33,NA,-0.28,NA,NA,0.47,-0.07,NA,0.23,0,NA,NA,-0.01,0.1,NA,NA,NA,-0.15,0.08,0.28,-0.66,0.69,0.61,0.62,0.69,-0.17,0.69,0.5,0.98,0.58,0.63,0.74,-0.68,0.68,-0.67,0.86,0.06,NA,NA,NA,-0.28,NA,-0.27,NA,NA,0.5,-0.01,NA,0.23,-0.06,NA,NA,0.01,0.07,NA,NA,NA,-0.15,0.05,0.32,-0.64,0.71,0.63,0.63,0.71,-0.17,0.71,0.51,1,0.58,0.66,0.76,-0.66,0.66,-0.62,0.81,-0.02,NA,NA,NA,-0.31,NA,-0.25,NA,NA,0.59,0.11,NA,0.2,-0.33,NA,NA,0.06,0.08,NA,NA,NA,-0.24,0.07,0.39,-0.74,0.75,0.68,0.73,0.75,-0.03,0.75,0.62,0.89,0.62,0.69,0.75
"Structure_Stand_Height_v1_150",-0.47,0.47,-0.15,0.46,-0.08,NA,NA,NA,-0.12,NA,-0.28,NA,NA,0.45,-0.49,NA,0.36,0.11,NA,NA,0.05,0.43,NA,NA,NA,-0.06,0.41,-0.04,-0.38,0.72,0.52,0.78,0.8,-0.43,0.78,0.46,0.57,0.98,0.73,0.81,-0.46,0.46,-0.18,0.46,-0.08,NA,NA,NA,-0.08,NA,-0.27,NA,NA,0.47,-0.46,NA,0.36,0.07,NA,NA,0.07,0.42,NA,NA,NA,-0.02,0.41,-0.01,-0.37,0.73,0.52,0.79,0.81,-0.42,0.79,0.45,0.58,1,0.75,0.83,-0.44,0.44,-0.27,0.47,0.06,NA,NA,NA,-0.22,NA,-0.41,NA,NA,0.55,-0.35,NA,0.35,-0.01,NA,NA,-0.08,0.38,NA,NA,NA,0.01,0.36,0.09,-0.44,0.63,0.5,0.71,0.69,-0.27,0.68,0.49,0.56,0.85,0.65,0.7
"Structure_Volume_Merch_v1_150",-0.3,0.3,-0.37,0.42,0.06,NA,NA,NA,-0.11,NA,-0.38,NA,NA,0.57,-0.37,NA,0.33,0.03,NA,NA,-0.03,0.17,NA,NA,NA,-0.15,0.13,0.06,-0.45,0.88,0.68,0.81,0.93,-0.45,0.91,0.35,0.66,0.74,0.97,0.94,-0.29,0.29,-0.38,0.41,0.06,NA,NA,NA,-0.11,NA,-0.37,NA,NA,0.59,-0.35,NA,0.34,-0.01,NA,NA,-0.02,0.17,NA,NA,NA,-0.15,0.13,0.08,-0.42,0.89,0.68,0.82,0.94,-0.44,0.92,0.34,0.66,0.75,1,0.95,-0.3,0.3,-0.44,0.44,0.11,NA,NA,NA,-0.21,NA,-0.43,NA,NA,0.58,-0.18,NA,0.28,-0.07,NA,NA,-0.12,0.12,NA,NA,NA,-0.11,0.09,0.16,-0.53,0.78,0.69,0.75,0.81,-0.4,0.8,0.41,0.6,0.69,0.82,0.8
"Structure_Volume_Total_v1_150",-0.41,0.41,-0.41,0.53,0,NA,NA,NA,-0.18,NA,-0.41,NA,NA,0.51,-0.39,NA,0.43,0.07,NA,NA,-0.05,0.2,NA,NA,NA,-0.15,0.15,0.1,-0.53,0.89,0.74,0.84,0.96,-0.48,0.94,0.44,0.75,0.82,0.91,0.98,-0.41,0.41,-0.44,0.54,0,NA,NA,NA,-0.17,NA,-0.39,NA,NA,0.53,-0.36,NA,0.43,0.03,NA,NA,-0.03,0.18,NA,NA,NA,-0.15,0.14,0.13,-0.51,0.92,0.76,0.86,0.98,-0.48,0.96,0.43,0.76,0.83,0.95,1,-0.4,0.4,-0.48,0.53,0.09,NA,NA,NA,-0.26,NA,-0.45,NA,NA,0.57,-0.2,NA,0.34,-0.12,NA,NA,-0.1,0.16,NA,NA,NA,-0.15,0.13,0.19,-0.6,0.81,0.72,0.8,0.84,-0.38,0.84,0.5,0.68,0.76,0.81,0.84
"LandCover_NonVeg_v1_500",0.92,-0.92,0.18,-0.85,-0.05,NA,NA,NA,0.48,NA,-0.12,NA,NA,-0.21,-0.18,NA,-0.22,0.06,NA,NA,0.25,-0.02,NA,NA,NA,0.32,0.02,-0.48,0.38,-0.39,-0.36,-0.34,-0.38,-0.26,-0.39,-0.62,-0.65,-0.43,-0.29,-0.39,0.93,-0.93,0.2,-0.85,-0.05,NA,NA,NA,0.48,NA,-0.11,NA,NA,-0.22,-0.24,NA,-0.23,0.11,NA,NA,0.24,0,NA,NA,NA,0.31,0.04,-0.52,0.38,-0.4,-0.37,-0.35,-0.4,-0.28,-0.4,-0.63,-0.66,-0.44,-0.3,-0.4,1,-1,0.2,-0.91,0.23,NA,NA,NA,0.69,NA,-0.16,NA,NA,-0.31,-0.38,NA,-0.33,0.39,NA,NA,0.24,-0.01,NA,NA,NA,0.35,0.05,-0.68,0.44,-0.48,-0.46,-0.46,-0.47,-0.45,-0.48,-0.82,-0.72,-0.52,-0.34,-0.47
"LandCover_Veg_v1_500",-0.92,0.92,-0.18,0.85,0.05,NA,NA,NA,-0.48,NA,0.12,NA,NA,0.21,0.18,NA,0.22,-0.06,NA,NA,-0.25,0.02,NA,NA,NA,-0.32,-0.02,0.48,-0.38,0.39,0.36,0.34,0.38,0.26,0.39,0.62,0.65,0.43,0.29,0.39,-0.93,0.93,-0.2,0.85,0.05,NA,NA,NA,-0.48,NA,0.11,NA,NA,0.22,0.24,NA,0.23,-0.11,NA,NA,-0.24,0,NA,NA,NA,-0.31,-0.04,0.52,-0.38,0.4,0.37,0.35,0.4,0.28,0.4,0.63,0.66,0.44,0.3,0.4,-1,1,-0.2,0.91,-0.23,NA,NA,NA,-0.69,NA,0.16,NA,NA,0.31,0.38,NA,0.33,-0.39,NA,NA,-0.24,0.01,NA,NA,NA,-0.35,-0.05,0.68,-0.44,0.48,0.46,0.46,0.47,0.45,0.48,0.82,0.72,0.52,0.34,0.47
"LandCover_VegNonTreed_v1_500",0.14,-0.14,0.78,-0.47,-0.07,NA,NA,NA,0.01,NA,0.23,NA,NA,-0.31,0.09,NA,0.02,0.02,NA,NA,-0.13,-0.07,NA,NA,NA,0.04,-0.08,0.02,0.54,-0.36,-0.28,-0.34,-0.39,0.22,-0.38,-0.24,-0.58,-0.27,-0.41,-0.45,0.13,-0.13,0.83,-0.49,-0.07,NA,NA,NA,-0.01,NA,0.22,NA,NA,-0.36,0.06,NA,0.04,0.05,NA,NA,-0.15,-0.05,NA,NA,NA,0.11,-0.06,0,0.53,-0.39,-0.31,-0.36,-0.41,0.25,-0.4,-0.25,-0.62,-0.27,-0.44,-0.48,0.2,-0.2,1,-0.59,-0.2,NA,NA,NA,-0.01,NA,0.29,NA,NA,-0.51,0.03,NA,0.05,0.32,NA,NA,-0.19,-0.05,NA,NA,NA,0.26,-0.07,-0.04,0.91,-0.58,-0.5,-0.58,-0.6,0.18,-0.59,-0.3,-0.73,-0.34,-0.59,-0.64
"LandCover_VegTreed_v1_500",-0.81,0.81,-0.49,0.9,0.07,NA,NA,NA,-0.4,NA,0,NA,NA,0.31,0.11,NA,0.18,-0.06,NA,NA,-0.15,0.05,NA,NA,NA,-0.28,0.02,0.39,-0.55,0.47,0.42,0.43,0.48,0.12,0.48,0.62,0.78,0.47,0.41,0.52,-0.82,0.82,-0.52,0.91,0.07,NA,NA,NA,-0.39,NA,0,NA,NA,0.34,0.17,NA,0.17,-0.11,NA,NA,-0.13,0.02,NA,NA,NA,-0.3,0,0.43,-0.54,0.5,0.44,0.44,0.5,0.13,0.5,0.63,0.81,0.47,0.44,0.53,-0.91,0.91,-0.59,1,-0.11,NA,NA,NA,-0.56,NA,0,NA,NA,0.47,0.3,NA,0.25,-0.46,NA,NA,-0.12,0.03,NA,NA,NA,-0.4,-0.01,0.58,-0.75,0.64,0.59,0.63,0.64,0.3,0.65,0.8,0.9,0.58,0.53,0.66
"Species_Abie_Bal_v1_500",0.18,-0.18,-0.16,-0.08,0.53,NA,NA,NA,0.25,NA,-0.16,NA,NA,-0.01,-0.17,NA,0.01,0,NA,NA,0.41,0.12,NA,NA,NA,0.06,0.16,-0.2,-0.04,0.06,-0.04,0.14,0.1,-0.12,0.09,-0.05,-0.03,0.09,0.12,0.11,0.19,-0.19,-0.16,-0.08,0.53,NA,NA,NA,0.3,NA,-0.16,NA,NA,0,-0.15,NA,-0.05,-0.01,NA,NA,0.45,0.13,NA,NA,NA,0.02,0.17,-0.21,-0.04,0.05,-0.05,0.13,0.09,-0.12,0.08,-0.06,-0.02,0.06,0.11,0.09,0.23,-0.23,-0.2,-0.11,1,NA,NA,NA,0.16,NA,-0.27,NA,NA,0.17,-0.25,NA,-0.16,0.11,NA,NA,0.38,0.16,NA,NA,NA,-0.09,0.19,-0.29,-0.15,0.07,-0.04,0.14,0.09,-0.19,0.08,-0.16,0.03,0.04,0.15,0.1
"Species_Abie_Las_v1_500",NA,NA,NA,NA,NA,NA,NA,NA,NA,NA,NA,NA,NA,NA,NA,NA,NA,NA,NA,NA,NA,NA,NA,NA,NA,NA,NA,NA,NA,NA,NA,NA,NA,NA,NA,NA,NA,NA,NA,NA,NA,NA,NA,NA,NA,NA,NA,NA,NA,NA,NA,NA,NA,NA,NA,NA,NA,NA,NA,NA,NA,NA,NA,NA,NA,NA,NA,NA,NA,NA,NA,NA,NA,NA,NA,NA,NA,NA,NA,NA,NA,NA,NA,NA,NA,1,NA,NA,NA,NA,NA,NA,NA,NA,NA,NA,NA,NA,NA,NA,NA,NA,NA,NA,NA,NA,NA,NA,NA,NA,NA,NA,NA,NA,NA,NA,NA,NA,NA,NA
"Species_Acer_Neg_v1_500",NA,NA,NA,NA,NA,NA,NA,NA,NA,NA,NA,NA,NA,NA,NA,NA,NA,NA,NA,NA,NA,NA,NA,NA,NA,NA,NA,NA,NA,NA,NA,NA,NA,NA,NA,NA,NA,NA,NA,NA,NA,NA,NA,NA,NA,NA,NA,NA,NA,NA,NA,NA,NA,NA,NA,NA,NA,NA,NA,NA,NA,NA,NA,NA,NA,NA,NA,NA,NA,NA,NA,NA,NA,NA,NA,NA,NA,NA,NA,NA,NA,NA,NA,NA,NA,NA,1,NA,NA,NA,NA,NA,NA,NA,NA,NA,NA,NA,NA,NA,NA,NA,NA,NA,NA,NA,NA,NA,NA,NA,NA,NA,NA,NA,NA,NA,NA,NA,NA,NA
"Species_Alnu_Spp_v1_500",NA,NA,NA,NA,NA,NA,NA,NA,NA,NA,NA,NA,NA,NA,NA,NA,NA,NA,NA,NA,NA,NA,NA,NA,NA,NA,NA,NA,NA,NA,NA,NA,NA,NA,NA,NA,NA,NA,NA,NA,NA,NA,NA,NA,NA,NA,NA,NA,NA,NA,NA,NA,NA,NA,NA,NA,NA,NA,NA,NA,NA,NA,NA,NA,NA,NA,NA,NA,NA,NA,NA,NA,NA,NA,NA,NA,NA,NA,NA,NA,NA,NA,NA,NA,NA,NA,NA,1,NA,NA,NA,NA,NA,NA,NA,NA,NA,NA,NA,NA,NA,NA,NA,NA,NA,NA,NA,NA,NA,NA,NA,NA,NA,NA,NA,NA,NA,NA,NA,NA
"Species_Betu_Pap_v1_500",0.58,-0.58,0.05,-0.5,-0.02,NA,NA,NA,0.57,NA,-0.16,NA,NA,-0.03,-0.16,NA,-0.22,0.06,NA,NA,0.33,0.12,NA,NA,NA,0.52,0.18,-0.39,0.28,-0.23,-0.24,-0.18,-0.24,-0.21,-0.24,-0.39,-0.31,-0.21,-0.19,-0.24,0.59,-0.59,0.04,-0.5,-0.02,NA,NA,NA,0.62,NA,-0.16,NA,NA,-0.03,-0.2,NA,-0.21,0.09,NA,NA,0.33,0.13,NA,NA,NA,0.52,0.19,-0.41,0.26,-0.25,-0.25,-0.19,-0.26,-0.21,-0.26,-0.41,-0.31,-0.22,-0.21,-0.26,0.69,-0.69,-0.01,-0.56,0.16,NA,NA,NA,1,NA,-0.13,NA,NA,-0.1,-0.26,NA,-0.42,0.15,NA,NA,0.38,0.12,NA,NA,NA,0.56,0.2,-0.56,0.22,-0.28,-0.3,-0.24,-0.29,-0.27,-0.29,-0.54,-0.42,-0.33,-0.19,-0.3
"Species_Frax_Pen_v1_500",NA,NA,NA,NA,NA,NA,NA,NA,NA,NA,NA,NA,NA,NA,NA,NA,NA,NA,NA,NA,NA,NA,NA,NA,NA,NA,NA,NA,NA,NA,NA,NA,NA,NA,NA,NA,NA,NA,NA,NA,NA,NA,NA,NA,NA,NA,NA,NA,NA,NA,NA,NA,NA,NA,NA,NA,NA,NA,NA,NA,NA,NA,NA,NA,NA,NA,NA,NA,NA,NA,NA,NA,NA,NA,NA,NA,NA,NA,NA,NA,NA,NA,NA,NA,NA,NA,NA,NA,NA,1,NA,NA,NA,NA,NA,NA,NA,NA,NA,NA,NA,NA,NA,NA,NA,NA,NA,NA,NA,NA,NA,NA,NA,NA,NA,NA,NA,NA,NA,NA
"Species_Lari_Lar_v1_500",-0.14,0.14,0.19,0.03,-0.07,NA,NA,NA,-0.14,NA,0.71,NA,NA,-0.25,0.29,NA,-0.17,-0.17,NA,NA,-0.08,-0.18,NA,NA,NA,-0.05,-0.18,0.21,0.11,-0.39,-0.34,-0.4,-0.43,0.43,-0.43,0,-0.25,-0.39,-0.42,-0.44,-0.15,0.15,0.19,0.03,-0.07,NA,NA,NA,-0.17,NA,0.7,NA,NA,-0.26,0.32,NA,-0.17,-0.18,NA,NA,-0.12,-0.19,NA,NA,NA,-0.11,-0.2,0.22,0.08,-0.41,-0.35,-0.41,-0.44,0.45,-0.44,0.02,-0.25,-0.41,-0.43,-0.45,-0.16,0.16,0.29,0,-0.27,NA,NA,NA,-0.13,NA,1,NA,NA,-0.41,0.44,NA,-0.2,-0.2,NA,NA,-0.01,-0.26,NA,NA,NA,-0.17,-0.27,0.27,0.26,-0.45,-0.39,-0.49,-0.51,0.6,-0.5,0,-0.29,-0.51,-0.53,-0.51
"Species_Lari_Lya_v1_500",NA,NA,NA,NA,NA,NA,NA,NA,NA,NA,NA,NA,NA,NA,NA,NA,NA,NA,NA,NA,NA,NA,NA,NA,NA,NA,NA,NA,NA,NA,NA,NA,NA,NA,NA,NA,NA,NA,NA,NA,NA,NA,NA,NA,NA,NA,NA,NA,NA,NA,NA,NA,NA,NA,NA,NA,NA,NA,NA,NA,NA,NA,NA,NA,NA,NA,NA,NA,NA,NA,NA,NA,NA,NA,NA,NA,NA,NA,NA,NA,NA,NA,NA,NA,NA,NA,NA,NA,NA,NA,NA,1,NA,NA,NA,NA,NA,NA,NA,NA,NA,NA,NA,NA,NA,NA,NA,NA,NA,NA,NA,NA,NA,NA,NA,NA,NA,NA,NA,NA
"Species_Pice_Eng_v1_500",NA,NA,NA,NA,NA,NA,NA,NA,NA,NA,NA,NA,NA,NA,NA,NA,NA,NA,NA,NA,NA,NA,NA,NA,NA,NA,NA,NA,NA,NA,NA,NA,NA,NA,NA,NA,NA,NA,NA,NA,NA,NA,NA,NA,NA,NA,NA,NA,NA,NA,NA,NA,NA,NA,NA,NA,NA,NA,NA,NA,NA,NA,NA,NA,NA,NA,NA,NA,NA,NA,NA,NA,NA,NA,NA,NA,NA,NA,NA,NA,NA,NA,NA,NA,NA,NA,NA,NA,NA,NA,NA,NA,1,NA,NA,NA,NA,NA,NA,NA,NA,NA,NA,NA,NA,NA,NA,NA,NA,NA,NA,NA,NA,NA,NA,NA,NA,NA,NA,NA
"Species_Pice_Gla_v1_500",-0.24,0.24,-0.37,0.37,0.13,NA,NA,NA,-0.06,NA,-0.27,NA,NA,0.66,-0.3,NA,0,-0.1,NA,NA,0.19,0.26,NA,NA,NA,-0.09,0.27,-0.07,-0.29,0.5,0.31,0.5,0.51,-0.24,0.51,0.22,0.56,0.54,0.57,0.56,-0.25,0.25,-0.39,0.38,0.13,NA,NA,NA,-0.08,NA,-0.25,NA,NA,0.73,-0.3,NA,-0.03,-0.11,NA,NA,0.24,0.27,NA,NA,NA,-0.07,0.29,-0.07,-0.27,0.52,0.32,0.51,0.52,-0.26,0.52,0.22,0.59,0.55,0.58,0.57,-0.31,0.31,-0.51,0.47,0.17,NA,NA,NA,-0.1,NA,-0.41,NA,NA,1,-0.37,NA,-0.03,-0.09,NA,NA,0.28,0.36,NA,NA,NA,0.05,0.38,-0.04,-0.53,0.64,0.44,0.68,0.65,-0.24,0.65,0.33,0.69,0.64,0.7,0.68
"Species_Pice_Mar_v1_500",-0.34,0.34,-0.08,0.32,0.11,NA,NA,NA,-0.17,NA,0.29,NA,NA,-0.21,0.72,NA,-0.14,-0.14,NA,NA,-0.23,-0.42,NA,NA,NA,-0.1,-0.43,0.55,-0.05,-0.04,0.16,-0.22,-0.15,0.44,-0.12,0.32,0.14,-0.34,-0.17,-0.18,-0.35,0.35,-0.05,0.31,0.11,NA,NA,NA,-0.17,NA,0.28,NA,NA,-0.24,0.77,NA,-0.1,-0.16,NA,NA,-0.28,-0.45,NA,NA,NA,-0.16,-0.47,0.58,-0.04,-0.05,0.15,-0.25,-0.17,0.44,-0.14,0.34,0.11,-0.35,-0.18,-0.2,-0.38,0.38,0.03,0.3,-0.25,NA,NA,NA,-0.26,NA,0.44,NA,NA,-0.37,1,NA,-0.06,-0.3,NA,NA,-0.29,-0.59,NA,NA,NA,-0.24,-0.61,0.69,0.03,-0.01,0.2,-0.22,-0.13,0.5,-0.1,0.36,0.09,-0.32,-0.19,-0.17
"Species_Pinu_Alb_v1_500",NA,NA,NA,NA,NA,NA,NA,NA,NA,NA,NA,NA,NA,NA,NA,NA,NA,NA,NA,NA,NA,NA,NA,NA,NA,NA,NA,NA,NA,NA,NA,NA,NA,NA,NA,NA,NA,NA,NA,NA,NA,NA,NA,NA,NA,NA,NA,NA,NA,NA,NA,NA,NA,NA,NA,NA,NA,NA,NA,NA,NA,NA,NA,NA,NA,NA,NA,NA,NA,NA,NA,NA,NA,NA,NA,NA,NA,NA,NA,NA,NA,NA,NA,NA,NA,NA,NA,NA,NA,NA,NA,NA,NA,NA,NA,1,NA,NA,NA,NA,NA,NA,NA,NA,NA,NA,NA,NA,NA,NA,NA,NA,NA,NA,NA,NA,NA,NA,NA,NA
"Species_Pinu_Ban_v1_500",-0.34,0.34,0.06,0.26,-0.15,NA,NA,NA,-0.21,NA,-0.04,NA,NA,-0.01,-0.04,NA,0.71,0.01,NA,NA,-0.43,-0.37,NA,NA,NA,-0.11,-0.38,0.52,-0.12,0.2,0.31,0.02,0.26,-0.19,0.23,0.35,0.21,0.33,0.24,0.31,-0.34,0.34,0.07,0.25,-0.15,NA,NA,NA,-0.17,NA,-0.04,NA,NA,-0.01,-0.03,NA,0.72,0,NA,NA,-0.41,-0.37,NA,NA,NA,-0.06,-0.38,0.51,-0.11,0.23,0.32,0.05,0.29,-0.19,0.26,0.36,0.2,0.35,0.28,0.34,-0.33,0.33,0.05,0.25,-0.16,NA,NA,NA,-0.42,NA,-0.2,NA,NA,-0.03,-0.06,NA,1,-0.04,NA,NA,-0.6,-0.42,NA,NA,NA,-0.04,-0.46,0.59,-0.12,0.25,0.37,0.1,0.33,-0.26,0.3,0.52,0.2,0.47,0.28,0.39
"Species_Pinu_Con_v1_500",0.43,-0.43,0.21,-0.45,-0.04,NA,NA,NA,0.33,NA,-0.13,NA,NA,-0.13,-0.05,NA,-0.09,0.43,NA,NA,0.06,0.13,NA,NA,NA,-0.06,0.13,-0.17,0.46,-0.17,-0.21,-0.08,-0.12,-0.18,-0.13,-0.18,-0.35,-0.06,-0.09,-0.14,0.39,-0.39,0.26,-0.44,-0.04,NA,NA,NA,0.23,NA,-0.12,NA,NA,-0.12,-0.15,NA,-0.09,0.55,NA,NA,0.07,0.2,NA,NA,NA,0.01,0.19,-0.24,0.5,-0.16,-0.21,-0.05,-0.1,-0.2,-0.11,-0.16,-0.33,-0.01,-0.07,-0.12,0.39,-0.39,0.32,-0.46,0.11,NA,NA,NA,0.15,NA,-0.2,NA,NA,-0.09,-0.3,NA,-0.04,1,NA,NA,-0.1,0.3,NA,NA,NA,0.27,0.29,-0.29,0.45,-0.18,-0.24,-0.09,-0.14,-0.3,-0.15,-0.2,-0.36,0.06,-0.1,-0.16
"Species_Pinu_Pon_v1_500",NA,NA,NA,NA,NA,NA,NA,NA,NA,NA,NA,NA,NA,NA,NA,NA,NA,NA,NA,NA,NA,NA,NA,NA,NA,NA,NA,NA,NA,NA,NA,NA,NA,NA,NA,NA,NA,NA,NA,NA,NA,NA,NA,NA,NA,NA,NA,NA,NA,NA,NA,NA,NA,NA,NA,NA,NA,NA,NA,NA,NA,NA,NA,NA,NA,NA,NA,NA,NA,NA,NA,NA,NA,NA,NA,NA,NA,NA,NA,NA,NA,NA,NA,NA,NA,NA,NA,NA,NA,NA,NA,NA,NA,NA,NA,NA,NA,NA,1,NA,NA,NA,NA,NA,NA,NA,NA,NA,NA,NA,NA,NA,NA,NA,NA,NA,NA,NA,NA,NA
"Species_Pinu_Syl_v1_500",NA,NA,NA,NA,NA,NA,NA,NA,NA,NA,NA,NA,NA,NA,NA,NA,NA,NA,NA,NA,NA,NA,NA,NA,NA,NA,NA,NA,NA,NA,NA,NA,NA,NA,NA,NA,NA,NA,NA,NA,NA,NA,NA,NA,NA,NA,NA,NA,NA,NA,NA,NA,NA,NA,NA,NA,NA,NA,NA,NA,NA,NA,NA,NA,NA,NA,NA,NA,NA,NA,NA,NA,NA,NA,NA,NA,NA,NA,NA,NA,NA,NA,NA,NA,NA,NA,NA,NA,NA,NA,NA,NA,NA,NA,NA,NA,NA,NA,NA,1,NA,NA,NA,NA,NA,NA,NA,NA,NA,NA,NA,NA,NA,NA,NA,NA,NA,NA,NA,NA
"Species_Popu_Bal_v1_500",0.2,-0.2,-0.14,-0.1,0.12,NA,NA,NA,0.17,NA,-0.04,NA,NA,0.14,-0.25,NA,-0.32,-0.08,NA,NA,0.68,0.35,NA,NA,NA,0.14,0.39,-0.44,-0.05,-0.12,-0.25,0.05,-0.11,-0.01,-0.1,-0.25,0.05,-0.07,-0.11,-0.09,0.21,-0.21,-0.13,-0.11,0.12,NA,NA,NA,0.21,NA,-0.03,NA,NA,0.17,-0.25,NA,-0.35,-0.09,NA,NA,0.72,0.33,NA,NA,NA,0.09,0.37,-0.42,-0.04,-0.12,-0.24,0.04,-0.12,-0.04,-0.11,-0.25,0.06,-0.08,-0.12,-0.1,0.24,-0.24,-0.19,-0.12,0.38,NA,NA,NA,0.38,NA,-0.01,NA,NA,0.28,-0.29,NA,-0.6,-0.1,NA,NA,1,0.39,NA,NA,NA,-0.07,0.46,-0.53,-0.11,-0.11,-0.27,0.04,-0.13,0.03,-0.12,-0.38,0.04,-0.2,-0.09,-0.12
"Species_Popu_Tre_v1_500",-0.02,0.02,0.05,-0.01,-0.01,NA,NA,NA,0.09,NA,-0.29,NA,NA,0.19,-0.43,NA,-0.23,0.22,NA,NA,0.31,0.76,NA,NA,NA,-0.02,0.73,-0.57,0.02,0.12,-0.13,0.44,0.2,-0.08,0.2,-0.09,0.04,0.38,0.12,0.16,-0.02,0.02,0.01,0.02,-0.01,NA,NA,NA,0.05,NA,-0.28,NA,NA,0.21,-0.46,NA,-0.24,0.24,NA,NA,0.34,0.79,NA,NA,NA,0.04,0.76,-0.57,0.01,0.13,-0.13,0.45,0.21,-0.08,0.2,-0.11,0.08,0.38,0.12,0.16,-0.01,0.01,-0.05,0.03,0.16,NA,NA,NA,0.12,NA,-0.26,NA,NA,0.36,-0.59,NA,-0.42,0.3,NA,NA,0.39,1,NA,NA,NA,0.11,0.99,-0.66,-0.08,0.08,-0.2,0.42,0.13,0.01,0.13,-0.18,0.11,0.33,0.1,0.1
"Species_Popu_Tri_v1_500",NA,NA,NA,NA,NA,NA,NA,NA,NA,NA,NA,NA,NA,NA,NA,NA,NA,NA,NA,NA,NA,NA,NA,NA,NA,NA,NA,NA,NA,NA,NA,NA,NA,NA,NA,NA,NA,NA,NA,NA,NA,NA,NA,NA,NA,NA,NA,NA,NA,NA,NA,NA,NA,NA,NA,NA,NA,NA,NA,NA,NA,NA,NA,NA,NA,NA,NA,NA,NA,NA,NA,NA,NA,NA,NA,NA,NA,NA,NA,NA,NA,NA,NA,NA,NA,NA,NA,NA,NA,NA,NA,NA,NA,NA,NA,NA,NA,NA,NA,NA,NA,NA,1,NA,NA,NA,NA,NA,NA,NA,NA,NA,NA,NA,NA,NA,NA,NA,NA,NA
"Species_Prun_Pen_v1_500",NA,NA,NA,NA,NA,NA,NA,NA,NA,NA,NA,NA,NA,NA,NA,NA,NA,NA,NA,NA,NA,NA,NA,NA,NA,NA,NA,NA,NA,NA,NA,NA,NA,NA,NA,NA,NA,NA,NA,NA,NA,NA,NA,NA,NA,NA,NA,NA,NA,NA,NA,NA,NA,NA,NA,NA,NA,NA,NA,NA,NA,NA,NA,NA,NA,NA,NA,NA,NA,NA,NA,NA,NA,NA,NA,NA,NA,NA,NA,NA,NA,NA,NA,NA,NA,NA,NA,NA,NA,NA,NA,NA,NA,NA,NA,NA,NA,NA,NA,NA,NA,NA,NA,1,NA,NA,NA,NA,NA,NA,NA,NA,NA,NA,NA,NA,NA,NA,NA,NA
"Species_Pseu_Men_v1_500",NA,NA,NA,NA,NA,NA,NA,NA,NA,NA,NA,NA,NA,NA,NA,NA,NA,NA,NA,NA,NA,NA,NA,NA,NA,NA,NA,NA,NA,NA,NA,NA,NA,NA,NA,NA,NA,NA,NA,NA,NA,NA,NA,NA,NA,NA,NA,NA,NA,NA,NA,NA,NA,NA,NA,NA,NA,NA,NA,NA,NA,NA,NA,NA,NA,NA,NA,NA,NA,NA,NA,NA,NA,NA,NA,NA,NA,NA,NA,NA,NA,NA,NA,NA,NA,NA,NA,NA,NA,NA,NA,NA,NA,NA,NA,NA,NA,NA,NA,NA,NA,NA,NA,NA,1,NA,NA,NA,NA,NA,NA,NA,NA,NA,NA,NA,NA,NA,NA,NA
"Species_Sali_Spp_v1_500",0.25,-0.25,0.32,-0.35,-0.04,NA,NA,NA,0.23,NA,-0.12,NA,NA,0.01,-0.07,NA,0.02,0.04,NA,NA,-0.01,0.04,NA,NA,NA,0.52,0.07,-0.1,0.34,-0.09,-0.04,-0.12,-0.12,-0.07,-0.11,-0.21,-0.26,0,-0.09,-0.15,0.25,-0.25,0.28,-0.33,-0.04,NA,NA,NA,0.33,NA,-0.12,NA,NA,0.01,-0.13,NA,0.02,0.07,NA,NA,-0.01,0.09,NA,NA,NA,0.73,0.13,-0.14,0.3,-0.11,-0.07,-0.12,-0.13,-0.1,-0.13,-0.23,-0.24,0.01,-0.11,-0.15,0.35,-0.35,0.26,-0.4,-0.09,NA,NA,NA,0.56,NA,-0.17,NA,NA,0.05,-0.24,NA,-0.04,0.27,NA,NA,-0.07,0.11,NA,NA,NA,1,0.16,-0.24,0.37,-0.13,-0.11,-0.15,-0.15,-0.22,-0.15,-0.25,-0.29,0.01,-0.1,-0.17
"SpeciesGroups_Broadleaf_Spp_v1_500",0.03,-0.03,0.04,-0.04,-0.01,NA,NA,NA,0.13,NA,-0.28,NA,NA,0.19,-0.45,NA,-0.26,0.2,NA,NA,0.36,0.76,NA,NA,NA,0.03,0.75,-0.61,0.04,0.1,-0.15,0.42,0.18,-0.11,0.17,-0.13,0.03,0.36,0.1,0.14,0.03,-0.03,0,-0.02,-0.01,NA,NA,NA,0.1,NA,-0.28,NA,NA,0.21,-0.47,NA,-0.27,0.22,NA,NA,0.4,0.79,NA,NA,NA,0.09,0.78,-0.61,0.02,0.1,-0.15,0.43,0.18,-0.1,0.17,-0.15,0.07,0.36,0.09,0.13,0.05,-0.05,-0.07,-0.01,0.19,NA,NA,NA,0.2,NA,-0.27,NA,NA,0.38,-0.61,NA,-0.46,0.29,NA,NA,0.46,0.99,NA,NA,NA,0.16,1,-0.71,-0.08,0.06,-0.22,0.41,0.12,-0.02,0.12,-0.23,0.09,0.3,0.1,0.09
"SpeciesGroups_Needleleaf_Spp_v1_500",-0.63,0.63,-0.11,0.58,0.03,NA,NA,NA,-0.33,NA,0.25,NA,NA,0.01,0.49,NA,0.35,-0.14,NA,NA,-0.42,-0.53,NA,NA,NA,-0.22,-0.54,0.82,-0.2,0.2,0.37,-0.06,0.15,0.22,0.15,0.58,0.4,0.07,0.14,0.18,-0.65,0.65,-0.08,0.57,0.03,NA,NA,NA,-0.32,NA,0.25,NA,NA,0.01,0.54,NA,0.37,-0.17,NA,NA,-0.43,-0.55,NA,NA,NA,-0.23,-0.56,0.84,-0.18,0.22,0.38,-0.06,0.16,0.22,0.17,0.61,0.39,0.09,0.16,0.19,-0.68,0.68,-0.04,0.58,-0.29,NA,NA,NA,-0.56,NA,0.27,NA,NA,-0.04,0.69,NA,0.59,-0.29,NA,NA,-0.53,-0.66,NA,NA,NA,-0.24,-0.71,1,-0.18,0.29,0.48,0.04,0.25,0.25,0.26,0.77,0.4,0.21,0.18,0.27
"SpeciesGroups_Unknown_Spp_v1_500",0.4,-0.4,0.73,-0.66,-0.04,NA,NA,NA,0.19,NA,0.2,NA,NA,-0.35,0.11,NA,-0.12,0.09,NA,NA,-0.07,-0.09,NA,NA,NA,0.19,-0.09,-0.08,0.72,-0.48,-0.39,-0.47,-0.52,0.19,-0.51,-0.43,-0.71,-0.45,-0.5,-0.58,0.38,-0.38,0.8,-0.68,-0.04,NA,NA,NA,0.13,NA,0.19,NA,NA,-0.39,0.07,NA,-0.1,0.16,NA,NA,-0.1,-0.06,NA,NA,NA,0.19,-0.06,-0.12,0.71,-0.51,-0.41,-0.48,-0.54,0.2,-0.53,-0.42,-0.74,-0.44,-0.53,-0.6,0.44,-0.44,0.91,-0.75,-0.15,NA,NA,NA,0.22,NA,0.26,NA,NA,-0.53,0.03,NA,-0.12,0.45,NA,NA,-0.11,-0.08,NA,NA,NA,0.37,-0.08,-0.18,1,-0.65,-0.55,-0.67,-0.69,0.1,-0.68,-0.47,-0.82,-0.49,-0.65,-0.73
"Structure_Biomass_Branch_v1_500",-0.43,0.43,-0.46,0.56,0.05,NA,NA,NA,-0.14,NA,-0.28,NA,NA,0.37,-0.07,NA,0.19,-0.04,NA,NA,-0.03,0.09,NA,NA,NA,-0.13,0.08,0.17,-0.43,0.82,0.77,0.71,0.8,-0.33,0.81,0.38,0.74,0.62,0.75,0.79,-0.43,0.43,-0.47,0.57,0.05,NA,NA,NA,-0.12,NA,-0.27,NA,NA,0.4,-0.04,NA,0.18,-0.07,NA,NA,0,0.08,NA,NA,NA,-0.13,0.07,0.19,-0.4,0.85,0.78,0.73,0.81,-0.33,0.83,0.39,0.75,0.63,0.78,0.81,-0.48,0.48,-0.58,0.64,0.07,NA,NA,NA,-0.28,NA,-0.45,NA,NA,0.64,-0.01,NA,0.25,-0.18,NA,NA,-0.11,0.08,NA,NA,NA,-0.13,0.06,0.29,-0.65,1,0.94,0.93,0.98,-0.36,0.99,0.55,0.84,0.79,0.95,0.96
"Structure_Biomass_Foliage_v1_500",-0.41,0.41,-0.4,0.53,0.02,NA,NA,NA,-0.15,NA,-0.22,NA,NA,0.25,0.11,NA,0.26,-0.09,NA,NA,-0.16,-0.14,NA,NA,NA,-0.1,-0.15,0.35,-0.38,0.78,0.84,0.56,0.71,-0.29,0.73,0.4,0.68,0.49,0.66,0.7,-0.42,0.42,-0.41,0.53,0.02,NA,NA,NA,-0.13,NA,-0.21,NA,NA,0.27,0.15,NA,0.25,-0.12,NA,NA,-0.15,-0.16,NA,NA,NA,-0.1,-0.17,0.37,-0.35,0.8,0.85,0.57,0.72,-0.29,0.75,0.42,0.68,0.5,0.69,0.72,-0.46,0.46,-0.5,0.59,-0.04,NA,NA,NA,-0.3,NA,-0.39,NA,NA,0.44,0.2,NA,0.37,-0.24,NA,NA,-0.27,-0.2,NA,NA,NA,-0.11,-0.22,0.48,-0.55,0.94,1,0.76,0.89,-0.35,0.91,0.57,0.75,0.68,0.84,0.86
"Structure_Biomass_StemBark_v1_500",-0.42,0.42,-0.43,0.55,0.03,NA,NA,NA,-0.12,NA,-0.35,NA,NA,0.39,-0.24,NA,0.1,0.05,NA,NA,0.1,0.37,NA,NA,NA,-0.15,0.35,-0.06,-0.43,0.77,0.62,0.81,0.8,-0.31,0.8,0.32,0.7,0.7,0.72,0.78,-0.42,0.42,-0.46,0.56,0.03,NA,NA,NA,-0.11,NA,-0.34,NA,NA,0.43,-0.21,NA,0.09,0.02,NA,NA,0.14,0.36,NA,NA,NA,-0.14,0.35,-0.04,-0.41,0.8,0.63,0.83,0.82,-0.31,0.82,0.32,0.73,0.71,0.75,0.8,-0.46,0.46,-0.58,0.63,0.14,NA,NA,NA,-0.24,NA,-0.49,NA,NA,0.68,-0.22,NA,0.1,-0.09,NA,NA,0.04,0.42,NA,NA,NA,-0.15,0.41,0.04,-0.67,0.93,0.76,1,0.94,-0.29,0.95,0.44,0.82,0.83,0.9,0.91
"Structure_Biomass_StemWood_v1_500",-0.42,0.42,-0.45,0.56,0.02,NA,NA,NA,-0.14,NA,-0.32,NA,NA,0.38,-0.17,NA,0.25,0.01,NA,NA,-0.03,0.14,NA,NA,NA,-0.14,0.13,0.12,-0.44,0.8,0.71,0.73,0.81,-0.36,0.81,0.39,0.73,0.68,0.77,0.82,-0.43,0.43,-0.48,0.57,0.02,NA,NA,NA,-0.12,NA,-0.31,NA,NA,0.42,-0.14,NA,0.23,-0.02,NA,NA,0,0.14,NA,NA,NA,-0.14,0.13,0.14,-0.42,0.83,0.73,0.75,0.84,-0.37,0.84,0.39,0.75,0.69,0.81,0.84,-0.47,0.47,-0.6,0.64,0.09,NA,NA,NA,-0.29,NA,-0.51,NA,NA,0.65,-0.13,NA,0.33,-0.14,NA,NA,-0.13,0.13,NA,NA,NA,-0.15,0.12,0.25,-0.69,0.98,0.89,0.94,1,-0.4,1,0.56,0.84,0.85,0.97,0.99
"Structure_Biomass_TotalDead_v1_500",-0.42,0.42,0.1,0.31,0.08,NA,NA,NA,-0.27,NA,0.3,NA,NA,-0.08,0.3,NA,-0.21,-0.09,NA,NA,-0.02,0.03,NA,NA,NA,-0.15,0,0.17,-0.02,-0.28,-0.28,-0.2,-0.3,0.75,-0.3,0.14,-0.02,-0.25,-0.36,-0.35,-0.43,0.43,0.11,0.3,0.08,NA,NA,NA,-0.3,NA,0.28,NA,NA,-0.11,0.34,NA,-0.19,-0.12,NA,NA,-0.05,0.02,NA,NA,NA,-0.17,-0.01,0.19,-0.03,-0.31,-0.3,-0.22,-0.33,0.79,-0.32,0.12,-0.03,-0.27,-0.4,-0.38,-0.45,0.45,0.18,0.3,-0.19,NA,NA,NA,-0.27,NA,0.6,NA,NA,-0.24,0.5,NA,-0.26,-0.3,NA,NA,0.03,0.01,NA,NA,NA,-0.22,-0.02,0.25,0.1,-0.36,-0.35,-0.29,-0.4,1,-0.39,0.12,-0.03,-0.36,-0.5,-0.44
"Structure_Biomass_TotalLiveAboveGround_v1_500",-0.43,0.43,-0.45,0.56,0.03,NA,NA,NA,-0.14,NA,-0.32,NA,NA,0.38,-0.14,NA,0.23,0,NA,NA,-0.03,0.14,NA,NA,NA,-0.14,0.13,0.13,-0.44,0.81,0.73,0.73,0.81,-0.35,0.82,0.39,0.74,0.67,0.76,0.81,-0.43,0.43,-0.48,0.57,0.03,NA,NA,NA,-0.12,NA,-0.3,NA,NA,0.41,-0.11,NA,0.22,-0.03,NA,NA,0,0.13,NA,NA,NA,-0.14,0.12,0.15,-0.41,0.84,0.75,0.75,0.83,-0.35,0.84,0.39,0.75,0.68,0.8,0.84,-0.48,0.48,-0.59,0.65,0.08,NA,NA,NA,-0.29,NA,-0.5,NA,NA,0.65,-0.1,NA,0.3,-0.15,NA,NA,-0.12,0.13,NA,NA,NA,-0.15,0.12,0.26,-0.68,0.99,0.91,0.95,1,-0.39,1,0.56,0.84,0.84,0.96,0.98
"Structure_Stand_Age_v1_500",-0.75,0.75,-0.27,0.75,0.05,NA,NA,NA,-0.29,NA,0.04,NA,NA,0.25,0.21,NA,0.34,-0.03,NA,NA,-0.31,-0.16,NA,NA,NA,-0.25,-0.19,0.61,-0.33,0.41,0.43,0.28,0.43,0.05,0.42,0.8,0.61,0.47,0.38,0.48,-0.77,0.77,-0.27,0.76,0.05,NA,NA,NA,-0.3,NA,0.05,NA,NA,0.27,0.26,NA,0.34,-0.04,NA,NA,-0.29,-0.17,NA,NA,NA,-0.26,-0.19,0.63,-0.31,0.44,0.45,0.29,0.45,0.06,0.44,0.82,0.62,0.49,0.41,0.5,-0.82,0.82,-0.3,0.8,-0.16,NA,NA,NA,-0.54,NA,0,NA,NA,0.33,0.36,NA,0.52,-0.2,NA,NA,-0.38,-0.18,NA,NA,NA,-0.25,-0.23,0.77,-0.47,0.55,0.57,0.44,0.56,0.12,0.56,1,0.68,0.63,0.48,0.59
"Structure_Stand_CrownClosure_v1_500",-0.64,0.64,-0.57,0.79,0.09,NA,NA,NA,-0.3,NA,-0.2,NA,NA,0.4,-0.01,NA,0.15,-0.03,NA,NA,0.01,0.11,NA,NA,NA,-0.21,0.1,0.24,-0.55,0.62,0.54,0.56,0.62,-0.09,0.62,0.49,0.85,0.54,0.57,0.65,-0.65,0.65,-0.61,0.81,0.09,NA,NA,NA,-0.27,NA,-0.19,NA,NA,0.44,0.04,NA,0.13,-0.08,NA,NA,0.04,0.09,NA,NA,NA,-0.22,0.08,0.27,-0.53,0.65,0.56,0.59,0.64,-0.1,0.65,0.51,0.89,0.56,0.6,0.68,-0.72,0.72,-0.73,0.9,0.03,NA,NA,NA,-0.42,NA,-0.29,NA,NA,0.69,0.09,NA,0.2,-0.36,NA,NA,0.04,0.11,NA,NA,NA,-0.29,0.09,0.4,-0.82,0.84,0.75,0.82,0.84,-0.03,0.84,0.68,1,0.7,0.77,0.85
"Structure_Stand_Height_v1_500",-0.49,0.49,-0.23,0.52,0,NA,NA,NA,-0.13,NA,-0.28,NA,NA,0.38,-0.25,NA,0.35,0.07,NA,NA,-0.09,0.23,NA,NA,NA,-0.16,0.22,0.14,-0.3,0.67,0.57,0.65,0.72,-0.37,0.71,0.49,0.59,0.83,0.66,0.74,-0.51,0.51,-0.25,0.53,0,NA,NA,NA,-0.13,NA,-0.26,NA,NA,0.4,-0.24,NA,0.34,0.07,NA,NA,-0.05,0.24,NA,NA,NA,-0.09,0.24,0.14,-0.28,0.7,0.58,0.68,0.74,-0.37,0.74,0.49,0.62,0.85,0.69,0.76,-0.52,0.52,-0.34,0.58,0.04,NA,NA,NA,-0.33,NA,-0.51,NA,NA,0.64,-0.32,NA,0.47,0.06,NA,NA,-0.2,0.33,NA,NA,NA,0.01,0.3,0.21,-0.49,0.79,0.68,0.83,0.85,-0.36,0.84,0.63,0.7,1,0.8,0.85
"Structure_Volume_Merch_v1_500",-0.29,0.29,-0.45,0.45,0.05,NA,NA,NA,-0.08,NA,-0.32,NA,NA,0.41,-0.2,NA,0.2,-0.02,NA,NA,0.01,0.13,NA,NA,NA,-0.11,0.13,0.06,-0.39,0.75,0.64,0.68,0.77,-0.42,0.77,0.31,0.67,0.63,0.78,0.79,-0.29,0.29,-0.47,0.46,0.05,NA,NA,NA,-0.07,NA,-0.3,NA,NA,0.45,-0.18,NA,0.19,-0.04,NA,NA,0.05,0.13,NA,NA,NA,-0.1,0.13,0.07,-0.37,0.79,0.65,0.7,0.8,-0.43,0.79,0.31,0.69,0.65,0.82,0.81,-0.34,0.34,-0.59,0.53,0.15,NA,NA,NA,-0.19,NA,-0.53,NA,NA,0.7,-0.19,NA,0.28,-0.1,NA,NA,-0.09,0.1,NA,NA,NA,-0.1,0.1,0.18,-0.65,0.95,0.84,0.9,0.97,-0.5,0.96,0.48,0.77,0.8,1,0.97
"Structure_Volume_Total_v1_500",-0.42,0.42,-0.48,0.56,0.02,NA,NA,NA,-0.15,NA,-0.31,NA,NA,0.41,-0.19,NA,0.28,0,NA,NA,-0.04,0.12,NA,NA,NA,-0.15,0.11,0.14,-0.46,0.75,0.66,0.68,0.78,-0.39,0.78,0.41,0.73,0.68,0.75,0.81,-0.42,0.42,-0.51,0.58,0.02,NA,NA,NA,-0.13,NA,-0.29,NA,NA,0.44,-0.16,NA,0.26,-0.02,NA,NA,0,0.11,NA,NA,NA,-0.14,0.11,0.15,-0.44,0.79,0.68,0.71,0.81,-0.4,0.81,0.42,0.75,0.7,0.8,0.84,-0.47,0.47,-0.64,0.66,0.1,NA,NA,NA,-0.3,NA,-0.51,NA,NA,0.68,-0.17,NA,0.39,-0.16,NA,NA,-0.12,0.1,NA,NA,NA,-0.17,0.09,0.27,-0.73,0.96,0.86,0.91,0.99,-0.44,0.98,0.59,0.85,0.85,0.97,1
